-- phpMyAdmin SQL Dump
-- version 5.2.1
-- https://www.phpmyadmin.net/
--
-- Hôte : localhost:3306
-- Généré le : mer. 30 août 2023 à 04:55
-- Version du serveur : 10.6.15-MariaDB
-- Version de PHP : 8.1.16

SET SQL_MODE = "NO_AUTO_VALUE_ON_ZERO";
START TRANSACTION;
SET time_zone = "+00:00";


/*!40101 SET @OLD_CHARACTER_SET_CLIENT=@@CHARACTER_SET_CLIENT */;
/*!40101 SET @OLD_CHARACTER_SET_RESULTS=@@CHARACTER_SET_RESULTS */;
/*!40101 SET @OLD_COLLATION_CONNECTION=@@COLLATION_CONNECTION */;
/*!40101 SET NAMES utf8mb4 */;

--
-- Base de données : `eahg1672_data_abii`
--

-- --------------------------------------------------------

--
-- Structure de la table `achats`
--

CREATE TABLE `achats` (
  `id` int(11) NOT NULL,
  `date` datetime NOT NULL,
  `montant_unitaire` float NOT NULL,
  `quantite` int(11) NOT NULL,
  `client_id` int(11) DEFAULT NULL,
  `vendeur_id` int(11) DEFAULT NULL,
  `produit_id` int(11) DEFAULT NULL
) ENGINE=InnoDB DEFAULT CHARSET=latin1 COLLATE=latin1_swedish_ci;

--
-- Déchargement des données de la table `achats`
--

INSERT INTO `achats` (`id`, `date`, `montant_unitaire`, `quantite`, `client_id`, `vendeur_id`, `produit_id`) VALUES
(1, '2023-03-20 06:55:45', 0.85, 1, 31, 8, 27),
(2, '2023-03-20 06:57:34', 1.7, 1, 32, 19, 35),
(3, '2023-03-20 08:43:48', 0.85, 2, 163, 23, 26),
(4, '2023-03-20 08:47:24', 0.45, 2, 180, 23, 2),
(5, '2023-03-20 08:47:24', 0.5, 1, 180, 23, 110),
(6, '2023-03-20 08:59:00', 0.45, 1, 180, 23, 2),
(7, '2023-03-20 09:01:54', 0.85, 1, 66, 23, 27),
(8, '2023-03-20 09:04:54', 0.8, 1, 59, 23, 21),
(9, '2023-03-20 09:08:54', 0.85, 1, 42, 23, 26),
(10, '2023-03-20 09:09:17', 0.85, 1, 168, 23, 26),
(11, '2023-03-20 09:10:02', 1.1, 1, 43, 23, 83),
(12, '2023-03-20 09:10:02', 0.8, 1, 43, 23, 132),
(13, '2023-03-20 09:11:03', 1.7, 1, 36, 23, 35),
(14, '2023-03-20 09:11:20', 0.5, 1, 36, 23, 129),
(15, '2023-03-20 10:02:50', 0.8, 2, 69, 6, 9),
(16, '2023-03-20 10:02:50', 0.85, 1, 69, 6, 26),
(17, '2023-03-20 10:03:40', 0.5, 1, 38, 6, 6),
(18, '2023-03-20 10:04:32', 0.85, 1, 38, 6, 26),
(19, '2023-03-20 10:04:56', 0.85, 1, 38, 6, 73),
(20, '2023-03-20 10:06:05', 0.85, 1, 41, 6, 27),
(21, '2023-03-20 10:06:30', 0.5, 1, 64, 6, 129),
(22, '2023-03-20 10:31:03', 0.5, 1, 34, 23, 110),
(23, '2023-03-20 10:51:49', 0.5, 1, 34, 2, 110),
(24, '2023-03-20 11:03:56', 0.8, 1, 31, 23, 109),
(25, '2023-03-20 11:04:15', 0.8, 1, 47, 23, 74),
(26, '2023-03-20 11:04:32', 0.8, 1, 168, 23, 74),
(27, '2023-03-20 11:12:33', 1.9, 1, 234, 2, 35),
(28, '2023-03-20 11:17:33', 0.6, 1, 32, 23, 32),
(29, '2023-03-20 11:17:33', 0.6, 1, 32, 23, 56),
(30, '2023-03-20 11:51:27', 0.6, 1, 32, 19, 32),
(31, '2023-03-20 11:51:27', 0.6, 1, 32, 19, 56),
(32, '2023-03-20 12:02:59', 1.7, 1, 32, 19, 35),
(33, '2023-03-20 12:04:16', 0.85, 1, 166, 23, 27),
(34, '2023-03-20 12:04:16', 0.85, 1, 166, 23, 73),
(35, '2023-03-20 12:04:35', 0.5, 1, 166, 23, 6),
(36, '2023-03-20 12:21:43', 1.1, 1, 54, 23, 128),
(37, '2023-03-20 12:27:09', 1.1, 1, 41, 23, 128),
(38, '2023-03-20 12:28:38', 1.1, 1, 166, 23, 10),
(39, '2023-03-20 12:35:39', 0.85, 1, 160, 23, 27),
(40, '2023-03-20 12:35:39', 0.8, 1, 160, 23, 121),
(41, '2023-03-20 12:55:17', 0.8, 1, 47, 23, 21),
(42, '2023-03-20 12:55:37', 0.8, 1, 168, 23, 126),
(43, '2023-03-20 14:02:49', 0.6, 1, 64, 2, 56),
(44, '2023-03-20 14:03:00', 0.6, 1, 64, 2, 56),
(45, '2023-03-20 14:03:39', 0.8, 1, 147, 2, 56),
(46, '2023-03-20 14:05:10', 0.5, 1, 60, 9, 6),
(47, '2023-03-20 14:06:36', 0.5, 1, 54, 23, 131),
(48, '2023-03-20 14:08:46', 0.5, 1, 34, 2, 131),
(49, '2023-03-20 14:25:29', 0.8, 1, 31, 8, 121),
(50, '2023-03-20 14:27:16', 0.85, 1, 66, 27, 27),
(51, '2023-03-20 14:27:16', 0.8, 2, 66, 27, 74),
(52, '2023-03-20 14:34:50', 0.85, 1, 168, 23, 26),
(53, '2023-03-20 14:35:30', 0.85, 1, 59, 23, 73),
(54, '2023-03-20 15:14:11', 0.85, 1, 168, 27, 73),
(55, '2023-03-20 15:30:14', 0.8, 1, 8, 27, 126),
(56, '2023-03-20 15:31:09', 1.1, 1, 8, 27, 10),
(57, '2023-03-20 15:31:09', 0.6, 1, 8, 27, 56),
(58, '2023-03-20 15:32:28', 0.8, 1, 25, 27, 17),
(59, '2023-03-20 15:34:56', 0.6, 1, 159, 27, 56),
(60, '2023-03-20 15:47:02', 0.35, 1, 160, 27, 4),
(61, '2023-03-20 15:47:02', 0.85, 1, 160, 27, 27),
(62, '2023-03-20 16:02:08', 0.8, 1, 47, 27, 126),
(63, '2023-03-20 16:04:19', 0.85, 1, 31, 27, 73),
(64, '2023-03-20 16:06:28', 0.85, 1, 43, 27, 73),
(65, '2023-03-20 17:39:13', 0.6, 1, 32, 19, 56),
(66, '2023-03-21 07:04:05', 1.7, 1, 36, 19, 35),
(67, '2023-03-21 07:04:05', 0.85, 1, 36, 19, 73),
(68, '2023-03-21 07:50:27', 0.5, 1, 54, 23, 131),
(69, '2023-03-21 07:53:43', 0.5, 1, 54, 23, 131),
(70, '2023-03-21 08:14:51', 0.5, 1, 54, 23, 131),
(71, '2023-03-21 08:25:30', 0.85, 1, 163, 23, 26),
(72, '2023-03-21 08:25:59', 0.8, 1, 154, 23, 9),
(73, '2023-03-21 08:26:32', 0.8, 1, 40, 23, 126),
(74, '2023-03-21 08:26:59', 0.8, 1, 8, 23, 126),
(75, '2023-03-21 08:39:06', 0.45, 1, 180, 23, 2),
(76, '2023-03-21 08:39:06', 0.5, 1, 180, 23, 110),
(77, '2023-03-21 08:41:34', 0.8, 1, 25, 23, 17),
(78, '2023-03-21 08:52:39', 0.85, 1, 145, 23, 26),
(79, '2023-03-21 08:53:07', 0.85, 1, 69, 23, 26),
(80, '2023-03-21 08:53:07', 0.8, 1, 69, 23, 74),
(81, '2023-03-21 08:53:26', 0.85, 1, 59, 23, 27),
(82, '2023-03-21 08:56:02', 0.8, 1, 42, 23, 21),
(83, '2023-03-21 08:56:02', 0.85, 1, 42, 23, 73),
(84, '2023-03-21 08:56:04', 1.7, 1, 32, 19, 35),
(85, '2023-03-21 08:57:00', 0.6, 2, 36, 23, 56),
(86, '2023-03-21 08:57:52', 1.1, 1, 43, 23, 10),
(87, '2023-03-21 08:57:52', 0.85, 1, 43, 23, 73),
(88, '2023-03-21 08:58:10', 0.85, 1, 168, 23, 73),
(89, '2023-03-21 09:01:22', 0.85, 1, 168, 23, 26),
(90, '2023-03-21 09:04:55', 0.85, 1, 180, 23, 26),
(91, '2023-03-21 09:04:55', 0.45, 1, 180, 23, 2),
(92, '2023-03-21 09:08:19', 0.6, 1, 32, 23, 56),
(93, '2023-03-21 09:09:00', 0.85, 1, 47, 23, 26),
(94, '2023-03-21 09:09:13', 0.85, 1, 168, 23, 73),
(95, '2023-03-21 09:56:58', 0.8, 1, 154, 2, 9),
(96, '2023-03-21 09:57:43', 0.6, 1, 159, 2, 56),
(97, '2023-03-21 11:15:33', 1.1, 1, 8, 19, 10),
(98, '2023-03-21 11:21:40', 0.6, 1, 32, 19, 32),
(99, '2023-03-21 11:21:40', 1.7, 1, 32, 19, 35),
(100, '2023-03-21 11:21:40', 0.6, 1, 32, 19, 56),
(101, '2023-03-21 11:21:59', 0.85, 1, 168, 19, 26),
(102, '2023-03-21 12:29:27', 0.5, 1, 60, 9, 6),
(103, '2023-03-21 13:12:05', 0.85, 1, 47, 8, 26),
(104, '2023-03-21 13:12:05', 0.85, 1, 47, 8, 73),
(105, '2023-03-21 13:49:45', 0.8, 1, 34, 2, 126),
(106, '2023-03-21 13:50:38', 1.7, 1, 54, 2, 35),
(107, '2023-03-21 13:57:15', 0.8, 1, 159, 23, 13),
(108, '2023-03-21 14:10:09', 0.8, 1, 69, 23, 21),
(109, '2023-03-21 14:10:09', 0.8, 1, 69, 23, 74),
(110, '2023-03-21 14:12:24', 0.85, 1, 64, 23, 26),
(111, '2023-03-21 14:15:39', 0.8, 1, 64, 23, 9),
(112, '2023-03-21 14:16:18', 0.85, 1, 41, 23, 26),
(113, '2023-03-21 14:33:10', 0.45, 2, 40, 23, 2),
(114, '2023-03-21 14:33:10', 0.85, 1, 40, 23, 26),
(115, '2023-03-21 14:33:52', 0.85, 1, 60, 23, 73),
(116, '2023-03-21 14:34:42', 1.7, 1, 32, 23, 35),
(117, '2023-03-21 14:35:30', 1.7, 1, 31, 23, 35),
(118, '2023-03-21 14:36:45', 1.1, 1, 61, 23, 10),
(119, '2023-03-21 14:36:56', 0.8, 1, 61, 23, 74),
(120, '2023-03-21 14:39:11', 0.5, 1, 40, 23, 6),
(121, '2023-03-21 14:39:35', 0.85, 1, 31, 23, 73),
(122, '2023-03-21 15:00:02', 0.85, 1, 180, 23, 26),
(123, '2023-03-21 15:00:02', 1.7, 1, 180, 23, 35),
(124, '2023-03-21 15:00:57', 0.85, 1, 47, 23, 73),
(125, '2023-03-21 15:01:18', 0.85, 1, 168, 23, 26),
(126, '2023-03-21 16:14:34', 0.85, 1, 166, 20, 26),
(127, '2023-03-21 16:17:35', 0.8, 1, 160, 20, 121),
(128, '2023-03-21 16:44:58', 0.45, 1, 180, 20, 2),
(129, '2023-03-22 08:08:45', 1.7, 1, 32, 19, 35),
(130, '2023-03-22 08:09:19', 0.8, 1, 47, 19, 21),
(131, '2023-03-22 08:09:42', 0.85, 1, 36, 19, 73),
(132, '2023-03-22 08:09:42', 1.1, 1, 36, 19, 83),
(133, '2023-03-22 08:23:17', 0.8, 1, 168, 20, 9),
(134, '2023-03-22 08:23:48', 0.7, 1, 67, 20, 6),
(135, '2023-03-22 08:36:41', 0.5, 1, 54, 20, 131),
(136, '2023-03-22 08:40:00', 0.5, 1, 8, 20, 6),
(137, '2023-03-22 08:40:22', 0.45, 1, 60, 20, 2),
(138, '2023-03-22 08:41:14', 0.5, 1, 31, 20, 6),
(139, '2023-03-22 08:41:31', 0.5, 1, 168, 20, 6),
(140, '2023-03-22 08:42:06', 0.5, 2, 54, 20, 6),
(141, '2023-03-22 08:42:34', 1.1, 1, 41, 20, 10),
(142, '2023-03-22 08:42:51', 0.45, 2, 166, 20, 2),
(143, '2023-03-22 08:42:51', 0.5, 1, 166, 20, 6),
(144, '2023-03-22 08:43:26', 1.1, 1, 61, 20, 10),
(145, '2023-03-22 08:43:49', 0.8, 1, 163, 20, 21),
(146, '2023-03-22 08:43:49', 0.6, 1, 163, 20, 32),
(147, '2023-03-22 08:44:47', 0.6, 1, 177, 20, 32),
(148, '2023-03-22 08:45:26', 0.45, 1, 180, 20, 2),
(149, '2023-03-22 08:45:26', 0.8, 1, 180, 20, 109),
(150, '2023-03-22 08:49:42', 0.8, 1, 159, 20, 13),
(151, '2023-03-22 08:49:42', 0.8, 1, 159, 20, 21),
(152, '2023-03-22 08:50:23', 0.5, 1, 40, 20, 6),
(153, '2023-03-22 08:51:35', 0.8, 1, 154, 20, 9),
(154, '2023-03-22 08:53:10', 0.45, 2, 174, 23, 2),
(155, '2023-03-22 10:01:28', 0.6, 1, 147, 23, 2),
(156, '2023-03-22 10:05:10', 0.8, 1, 64, 23, 74),
(157, '2023-03-22 10:06:27', 0.8, 1, 41, 23, 74),
(158, '2023-03-22 10:07:09', 0.8, 1, 69, 23, 74),
(159, '2023-03-22 10:23:05', 0.45, 1, 168, 23, 2),
(160, '2023-03-22 10:31:02', 0.6, 1, 168, 23, 32),
(161, '2023-03-22 11:32:14', 0.8, 1, 47, 8, 21),
(162, '2023-03-22 11:34:26', 0.8, 1, 168, 8, 74),
(163, '2023-03-22 11:38:10', 0.8, 1, 42, 8, 99),
(164, '2023-03-22 11:38:23', 0.8, 1, 31, 8, 74),
(165, '2023-03-22 11:50:05', 1.1, 1, 32, 8, 10),
(166, '2023-03-22 11:56:10', 0.8, 1, 162, 8, 121),
(167, '2023-03-22 12:33:11', 1.1, 1, 32, 8, 83),
(168, '2023-03-22 12:46:57', 0.6, 1, 43, 19, 32),
(169, '2023-03-22 12:57:17', 0.8, 1, 66, 8, 9),
(170, '2023-03-22 13:24:08', 0.45, 1, 180, 20, 2),
(171, '2023-03-22 13:24:08', 0.8, 1, 180, 20, 132),
(172, '2023-03-22 13:50:44', 0.8, 1, 40, 20, 21),
(173, '2023-03-22 14:49:27', 1.1, 1, 43, 8, 10),
(174, '2023-03-22 14:50:18', 0.8, 1, 47, 8, 74),
(175, '2023-03-22 14:51:01', 0.8, 1, 31, 8, 99),
(176, '2023-03-22 14:54:31', 0.8, 1, 168, 8, 9),
(177, '2023-03-22 14:57:17', 0.6, 1, 166, 8, 32),
(178, '2023-03-22 16:03:07', 0.6, 1, 159, 23, 32),
(179, '2023-03-22 16:03:39', 0.8, 1, 25, 23, 17),
(180, '2023-03-22 16:05:25', 0.6, 1, 169, 23, 56),
(181, '2023-03-22 16:10:17', 0.6, 2, 61, 23, 32),
(182, '2023-03-22 16:11:15', 0.5, 1, 54, 23, 131),
(183, '2023-03-22 16:13:28', 0.6, 1, 60, 9, 32),
(184, '2023-03-23 08:01:39', 0.5, 1, 54, 23, 6),
(185, '2023-03-23 09:00:21', 0.6, 1, 159, 23, 32),
(186, '2023-03-23 09:01:18', 0.8, 2, 154, 23, 9),
(187, '2023-03-23 09:01:18', 0.5, 5, 154, 23, 131),
(188, '2023-03-23 09:03:05', 0.45, 1, 31, 23, 2),
(189, '2023-03-23 09:18:10', 0.6, 2, 41, 23, 32),
(190, '2023-03-23 09:20:23', 0.8, 1, 168, 23, 74),
(191, '2023-03-23 09:20:53', 0.8, 1, 69, 23, 9),
(192, '2023-03-23 09:21:19', 0.8, 1, 34, 23, 9),
(193, '2023-03-23 10:08:25', 0.6, 1, 60, 9, 32),
(194, '2023-03-23 10:39:24', 1.1, 1, 32, 8, 10),
(195, '2023-03-23 11:26:07', 0.8, 1, 47, 8, 21),
(196, '2023-03-23 11:29:38', 1.1, 1, 41, 20, 10),
(197, '2023-03-23 11:31:23', 0.8, 1, 168, 20, 99),
(198, '2023-03-23 11:49:11', 0.8, 1, 34, 20, 13),
(199, '2023-03-23 11:52:27', 0.8, 1, 180, 20, 121),
(200, '2023-03-23 11:52:27', 0.6, 1, 180, 20, 32),
(201, '2023-03-23 11:56:54', 0.8, 1, 36, 20, 17),
(202, '2023-03-23 12:04:15', 0.6, 1, 34, 20, 32),
(203, '2023-03-23 12:04:32', 1.1, 1, 32, 20, 83),
(204, '2023-03-23 12:06:14', 0.5, 1, 54, 23, 131),
(205, '2023-03-23 12:15:53', 0.8, 1, 31, 23, 121),
(206, '2023-03-23 12:34:55', 0.35, 1, 32, 23, 4),
(207, '2023-03-23 12:35:27', 0.35, 1, 47, 23, 4),
(208, '2023-03-23 12:35:58', 0.35, 1, 41, 23, 4),
(209, '2023-03-23 13:16:32', 0.8, 1, 159, 23, 13),
(210, '2023-03-23 14:47:07', 0.5, 1, 162, 23, 6),
(211, '2023-03-23 15:01:26', 1.1, 1, 32, 23, 10),
(212, '2023-03-23 15:20:33', 1.1, 1, 34, 2, 10),
(213, '2023-03-24 07:31:59', 0.4, 1, 180, 19, 44),
(214, '2023-03-24 07:31:59', 0.45, 1, 180, 19, 113),
(215, '2023-03-24 07:32:53', 1, 1, 180, 19, 141),
(216, '2023-03-24 07:41:56', 0.8, 1, 154, 23, 9),
(217, '2023-03-24 07:41:56', 2, 1, 154, 23, 140),
(218, '2023-03-24 07:42:58', 0.4, 2, 59, 23, 44),
(219, '2023-03-24 07:53:09', 0.4, 1, 169, 23, 25),
(220, '2023-03-24 08:00:02', 0.45, 1, 180, 23, 2),
(221, '2023-03-24 08:18:03', 0.55, 1, 32, 19, 20),
(222, '2023-03-24 08:18:03', 1.7, 1, 32, 19, 35),
(223, '2023-03-24 08:24:52', 0.5, 1, 177, 23, 6),
(224, '2023-03-24 08:24:52', 0.85, 2, 177, 23, 26),
(225, '2023-03-24 08:33:05', 0.8, 1, 169, 23, 21),
(226, '2023-03-24 08:33:05', 0.85, 1, 169, 23, 27),
(227, '2023-03-24 08:35:21', 0.85, 1, 160, 23, 27),
(228, '2023-03-24 08:50:57', 0.8, 1, 59, 23, 13),
(229, '2023-03-24 08:50:57', 1, 1, 59, 23, 141),
(230, '2023-03-24 09:13:14', 3.5, 1, 180, 20, 135),
(231, '2023-03-24 09:33:40', 0.8, 1, 69, 20, 74),
(232, '2023-03-24 09:43:38', 0.55, 1, 22, 20, 20),
(233, '2023-03-24 09:43:38', 0.45, 2, 22, 20, 113),
(234, '2023-03-24 09:43:49', 0.55, 1, 69, 20, 20),
(235, '2023-03-24 09:49:47', 0.8, 1, 160, 20, 21),
(236, '2023-03-24 10:20:23', 0.5, 1, 168, 23, 6),
(237, '2023-03-24 10:20:23', 0.5, 1, 168, 23, 50),
(238, '2023-03-24 10:21:26', 0.5, 1, 59, 23, 50),
(239, '2023-03-24 10:54:31', 3.5, 1, 32, 23, 136),
(240, '2023-03-24 10:54:54', 3.5, 1, 34, 23, 137),
(241, '2023-03-24 10:56:28', 3.5, 1, 159, 23, 136),
(242, '2023-03-24 10:56:44', 3.5, 1, 59, 23, 135),
(243, '2023-03-24 11:10:38', 1.5, 1, 59, 23, 125),
(244, '2023-03-24 11:18:31', 1, 1, 54, 23, 141),
(245, '2023-03-24 11:19:49', 1, 1, 34, 2, 141),
(246, '2023-03-24 11:42:28', 3.5, 1, 154, 2, 136),
(247, '2023-03-24 13:29:11', 1.6, 1, 34, 20, 139),
(248, '2023-03-24 13:30:05', 0.45, 1, 180, 20, 2),
(249, '2023-03-24 13:33:41', 0.6, 1, 169, 2, 29),
(250, '2023-03-24 13:55:01', 0.85, 1, 160, 23, 27),
(251, '2023-03-24 13:55:01', 0.8, 1, 160, 23, 121),
(252, '2023-03-24 14:14:42', 1.1, 1, 24, 2, 10),
(253, '2023-03-24 14:26:18', 0.45, 1, 54, 23, 113),
(254, '2023-03-24 14:27:33', 0.6, 1, 64, 23, 29),
(255, '2023-03-24 14:39:16', 1, 1, 180, 23, 141),
(256, '2023-03-24 14:44:47', 0.6, 1, 64, 23, 29),
(257, '2023-03-24 15:51:44', 1.5, 1, 160, 23, 125),
(258, '2023-03-24 15:51:47', 1.7, 1, 131, 2, 125),
(259, '2023-03-24 15:57:50', 0.4, 1, 169, 2, 140),
(260, '2023-03-24 16:20:45', 0.8, 1, 64, 23, 74),
(261, '2023-03-24 16:23:48', 0.5, 1, 34, 23, 7),
(262, '2023-03-24 16:40:06', 0.4, 3, 32, 23, 44),
(263, '2023-03-24 16:57:38', 1.7, 1, 41, 19, 35),
(264, '2023-03-27 05:51:14', 1, 1, 54, 23, 141),
(265, '2023-03-27 05:51:34', 1.7, 1, 32, 23, 35),
(266, '2023-03-27 05:58:06', 0.4, 2, 32, 23, 44),
(267, '2023-03-27 06:57:37', 0.4, 1, 159, 23, 44),
(268, '2023-03-27 06:57:37', 0.6, 1, 159, 23, 56),
(269, '2023-03-27 07:17:54', 0.5, 1, 31, 23, 50),
(270, '2023-03-27 07:18:15', 0.4, 3, 59, 23, 44),
(271, '2023-03-27 07:19:10', 0.45, 1, 54, 23, 113),
(272, '2023-03-27 07:25:07', 1.7, 1, 184, 23, 36),
(273, '2023-03-27 07:51:53', 0.4, 1, 40, 23, 25),
(274, '2023-03-27 08:27:34', 1.7, 1, 36, 19, 36),
(275, '2023-03-27 08:27:34', 1.2, 1, 36, 19, 48),
(276, '2023-03-27 08:30:15', 0.7, 1, 31, 19, 142),
(277, '2023-03-27 08:30:42', 0.8, 1, 66, 19, 9),
(278, '2023-03-27 08:30:42', 0.85, 1, 66, 19, 27),
(279, '2023-03-27 08:31:24', 3.5, 1, 47, 19, 137),
(280, '2023-03-27 08:34:29', 3.5, 1, 168, 19, 137),
(281, '2023-03-27 08:34:29', 0.7, 1, 168, 19, 142),
(282, '2023-03-27 08:34:44', 0.5, 1, 59, 19, 7),
(283, '2023-03-27 08:35:22', 0.8, 1, 42, 19, 130),
(284, '2023-03-27 08:36:41', 2.9, 1, 32, 19, 67),
(285, '2023-03-27 08:37:11', 2.9, 1, 32, 19, 111),
(286, '2023-03-27 08:40:22', 2.9, 1, 43, 19, 67),
(287, '2023-03-27 08:41:08', 2.9, 2, 36, 19, 111),
(288, '2023-03-27 09:03:34', 0.8, 1, 69, 23, 74),
(289, '2023-03-27 09:04:45', 0.8, 1, 41, 23, 74),
(290, '2023-03-27 09:11:09', 0.45, 1, 24, 23, 2),
(291, '2023-03-27 09:11:09', 1.2, 1, 24, 23, 48),
(292, '2023-03-27 09:29:37', 2.9, 1, 159, 23, 67),
(293, '2023-03-27 09:31:26', 0.5, 1, 59, 23, 7),
(294, '2023-03-27 09:31:26', 1.5, 2, 59, 23, 125),
(295, '2023-03-27 09:35:52', 0.85, 2, 154, 23, 27),
(296, '2023-03-27 09:35:52', 1.7, 1, 154, 23, 36),
(297, '2023-03-27 09:35:52', 2.9, 1, 154, 23, 67),
(298, '2023-03-27 09:42:21', 1.7, 1, 43, 23, 35),
(299, '2023-03-27 09:45:20', 1.2, 1, 47, 23, 48),
(300, '2023-03-27 09:58:07', 1.7, 1, 184, 23, 36),
(301, '2023-03-27 09:58:07', 1.8, 1, 184, 23, 53),
(302, '2023-03-27 10:00:40', 1.7, 1, 5, 23, 35),
(303, '2023-03-27 10:07:49', 2.9, 1, 5, 23, 70),
(304, '2023-03-27 10:20:42', 0.7, 1, 47, 23, 142),
(305, '2023-03-27 10:32:36', 1, 1, 25, 23, 141),
(306, '2023-03-27 10:52:46', 0.8, 1, 57, 23, 126),
(307, '2023-03-27 11:17:59', 0.8, 1, 162, 23, 74),
(308, '2023-03-27 11:17:59', 0.8, 1, 162, 23, 121),
(309, '2023-03-27 11:17:59', 0.8, 1, 162, 23, 126),
(310, '2023-03-27 11:18:34', 0.8, 1, 31, 23, 130),
(311, '2023-03-27 11:28:13', 0.85, 1, 168, 23, 27),
(312, '2023-03-27 11:35:40', 1.7, 1, 5, 23, 35),
(313, '2023-03-27 12:38:08', 0.4, 1, 35, 23, 140),
(314, '2023-03-27 12:38:08', 0.7, 1, 35, 23, 142),
(315, '2023-03-27 12:40:11', 0.5, 1, 54, 23, 131),
(316, '2023-03-27 12:40:42', 0.85, 1, 60, 9, 27),
(317, '2023-03-27 12:45:39', 1, 1, 60, 9, 141),
(318, '2023-03-27 12:46:44', 1, 1, 34, 23, 141),
(319, '2023-03-27 12:46:51', 0.4, 1, 34, 23, 44),
(320, '2023-03-27 12:57:49', 0.4, 1, 62, 23, 44),
(321, '2023-03-27 12:57:59', 0.4, 2, 62, 23, 44),
(322, '2023-03-27 12:58:16', 0.85, 1, 33, 23, 26),
(323, '2023-03-27 13:03:10', 0.4, 3, 62, 23, 44),
(324, '2023-03-27 13:15:58', 0.45, 1, 40, 2, 2),
(325, '2023-03-27 13:20:18', 1.2, 1, 34, 2, 48),
(326, '2023-03-27 13:22:16', 0.7, 1, 69, 2, 142),
(327, '2023-03-27 13:22:41', 0.55, 1, 69, 2, 20),
(328, '2023-03-27 13:22:41', 0.85, 1, 69, 2, 26),
(329, '2023-03-27 13:24:15', 0.55, 2, 41, 2, 20),
(330, '2023-03-27 13:25:10', 0.55, 1, 22, 2, 20),
(331, '2023-03-27 13:25:10', 0.45, 2, 22, 2, 113),
(332, '2023-03-27 13:29:02', 1.7, 1, 5, 23, 35),
(333, '2023-03-27 13:30:20', 0.5, 1, 69, 23, 7),
(334, '2023-03-27 14:03:41', 0.7, 1, 43, 8, 142),
(335, '2023-03-27 14:04:10', 0.85, 1, 42, 8, 26),
(336, '2023-03-27 14:04:27', 0.6, 1, 159, 8, 56),
(337, '2023-03-27 14:04:56', 0.4, 2, 47, 8, 44),
(338, '2023-03-27 14:08:38', 0.7, 1, 47, 8, 142),
(339, '2023-03-27 14:12:20', 1.7, 1, 32, 8, 35),
(340, '2023-03-27 14:12:20', 0.4, 2, 32, 8, 44),
(341, '2023-03-27 14:14:45', 0.4, 2, 59, 8, 44),
(342, '2023-03-27 14:18:37', 1.6, 1, 31, 8, 139),
(343, '2023-03-27 15:10:03', 0.5, 1, 54, 23, 7),
(344, '2023-03-27 15:10:39', 0.5, 1, 59, 23, 7),
(345, '2023-03-27 15:10:58', 0.5, 1, 34, 23, 7),
(346, '2023-03-27 15:11:07', 0.5, 1, 47, 23, 7),
(347, '2023-03-27 15:11:17', 0.5, 1, 32, 23, 7),
(348, '2023-03-27 15:33:11', 0.85, 1, 160, 23, 27),
(349, '2023-03-27 15:37:40', 0.85, 1, 160, 23, 27),
(350, '2023-03-27 16:13:05', 1.2, 1, 34, 2, 48),
(351, '2023-03-27 16:13:26', 0.8, 1, 31, 2, 130),
(352, '2023-03-27 16:14:13', 1.2, 1, 5, 2, 48),
(353, '2023-03-27 16:43:27', 0.5, 1, 22, 19, 6),
(354, '2023-03-27 16:52:38', 0.8, 1, 154, 19, 9),
(355, '2023-03-27 16:52:38', 0.85, 2, 154, 19, 27),
(356, '2023-03-28 05:54:57', 0.6, 1, 36, 2, 29),
(357, '2023-03-28 05:54:57', 0.4, 1, 36, 2, 44),
(358, '2023-03-28 06:07:35', 1, 1, 34, 2, 141),
(359, '2023-03-28 06:07:48', 1.7, 1, 32, 23, 35),
(360, '2023-03-28 06:27:46', 0.55, 1, 31, 23, 20),
(361, '2023-03-28 06:32:35', 0.55, 1, 31, 23, 20),
(362, '2023-03-28 06:33:16', 0.55, 1, 32, 23, 20),
(363, '2023-03-28 06:33:16', 0.4, 1, 32, 23, 44),
(364, '2023-03-28 06:34:03', 0.55, 1, 32, 23, 20),
(365, '2023-03-28 06:34:03', 0.4, 1, 32, 23, 44),
(366, '2023-03-28 06:34:03', 0.45, 1, 32, 23, 113),
(367, '2023-03-28 06:41:25', 0.4, 1, 32, 23, 44),
(368, '2023-03-28 06:42:28', 1, 1, 47, 23, 141),
(369, '2023-03-28 06:55:29', 0.4, 1, 169, 23, 25),
(370, '2023-03-28 06:56:20', 0.85, 2, 154, 23, 27),
(371, '2023-03-28 06:56:20', 1.7, 1, 154, 23, 36),
(372, '2023-03-28 07:16:41', 1.7, 1, 36, 23, 36),
(373, '2023-03-28 07:17:02', 1.7, 1, 42, 23, 35),
(374, '2023-03-28 07:17:57', 0.35, 1, 160, 23, 4),
(375, '2023-03-28 07:21:10', 1.7, 1, 31, 23, 36),
(376, '2023-03-28 07:24:24', 1.7, 1, 32, 23, 35),
(377, '2023-03-28 07:48:55', 0.8, 1, 40, 23, 126),
(378, '2023-03-28 07:49:23', 0.55, 1, 60, 23, 20),
(379, '2023-03-28 07:52:03', 0.45, 1, 162, 23, 113),
(380, '2023-03-28 07:52:03', 0.7, 1, 162, 23, 142),
(381, '2023-03-28 07:53:36', 0.45, 1, 43, 23, 2),
(382, '2023-03-28 07:53:36', 1.7, 1, 43, 23, 35),
(383, '2023-03-28 08:52:31', 0.8, 1, 63, 2, 140),
(384, '2023-03-28 08:53:28', 0.4, 2, 34, 2, 44),
(385, '2023-03-28 08:54:30', 0.75, 1, 63, 2, 20),
(386, '2023-03-28 08:55:01', 0.55, 1, 61, 2, 20),
(387, '2023-03-28 08:55:57', 0.55, 1, 33, 2, 20),
(388, '2023-03-28 08:56:48', 0.55, 1, 61, 2, 20),
(389, '2023-03-28 08:57:03', 0.45, 1, 35, 2, 113),
(390, '2023-03-28 09:02:44', 1.7, 1, 184, 23, 36),
(391, '2023-03-28 09:11:16', 0.8, 1, 8, 23, 130),
(392, '2023-03-28 09:33:05', 2.9, 1, 159, 23, 70),
(393, '2023-03-28 09:38:03', 1.2, 1, 47, 23, 48),
(394, '2023-03-28 09:38:03', 2.9, 1, 47, 23, 70),
(395, '2023-03-28 09:39:21', 1.2, 1, 8, 23, 48),
(396, '2023-03-28 09:39:21', 2.9, 1, 8, 23, 111),
(397, '2023-03-28 09:40:29', 2.9, 1, 59, 23, 70),
(398, '2023-03-28 09:40:59', 1, 1, 59, 23, 141),
(399, '2023-03-28 09:46:34', 2.9, 1, 32, 23, 111),
(400, '2023-03-28 09:51:15', 2.9, 1, 159, 23, 70),
(401, '2023-03-28 09:57:52', 2.9, 1, 32, 23, 111),
(402, '2023-03-28 10:24:34', 1, 1, 54, 23, 141),
(403, '2023-03-28 10:31:43', 2.9, 1, 184, 23, 67),
(404, '2023-03-28 10:44:17', 0.8, 1, 162, 23, 74),
(405, '2023-03-28 10:44:17', 0.45, 2, 162, 23, 113),
(406, '2023-03-28 11:36:03', 1, 1, 34, 23, 141),
(407, '2023-03-28 11:36:21', 1.1, 1, 61, 23, 10),
(408, '2023-03-28 11:38:53', 1.7, 1, 32, 23, 35),
(409, '2023-03-28 12:06:31', 0.8, 1, 31, 23, 130),
(410, '2023-03-28 12:11:58', 1.7, 1, 36, 23, 35),
(411, '2023-03-28 12:24:10', 0.45, 2, 54, 23, 113),
(412, '2023-03-28 12:39:48', 0.4, 1, 34, 2, 44),
(413, '2023-03-28 13:37:08', 0.85, 2, 154, 23, 27),
(414, '2023-03-28 13:37:08', 1.7, 1, 154, 23, 36),
(415, '2023-03-28 13:39:34', 0.5, 1, 34, 2, 7),
(416, '2023-03-28 13:40:02', 0.6, 1, 34, 2, 56),
(417, '2023-03-28 13:40:32', 0.6, 1, 159, 23, 56),
(418, '2023-03-28 13:45:20', 0.4, 1, 169, 23, 25),
(419, '2023-03-28 13:47:21', 0.8, 1, 160, 23, 121),
(420, '2023-03-28 14:03:24', 0.4, 1, 47, 23, 44),
(421, '2023-03-28 14:08:57', 0.5, 1, 54, 23, 7),
(422, '2023-03-28 14:09:09', 0.5, 2, 34, 23, 7),
(423, '2023-03-28 14:14:49', 0.8, 1, 69, 2, 74),
(424, '2023-03-28 14:16:04', 0.55, 1, 69, 2, 20),
(425, '2023-03-28 14:16:04', 0.85, 1, 69, 2, 26),
(426, '2023-03-28 15:01:46', 0.55, 2, 59, 2, 20),
(427, '2023-03-28 15:13:55', 0.4, 1, 34, 2, 140),
(428, '2023-03-28 15:22:54', 1.5, 1, 34, 2, 125),
(429, '2023-03-28 15:26:38', 0.4, 1, 57, 2, 44),
(430, '2023-03-28 15:36:40', 0.85, 1, 42, 27, 26),
(431, '2023-03-28 15:36:40', 1, 1, 42, 27, 141),
(432, '2023-03-28 15:37:17', 1.6, 1, 43, 27, 139),
(433, '2023-03-28 15:37:39', 0.45, 1, 31, 27, 113),
(434, '2023-03-28 15:39:14', 0.4, 2, 32, 27, 44),
(435, '2023-03-28 15:53:33', 0.4, 1, 32, 27, 44),
(436, '2023-03-28 16:03:14', 0.85, 2, 40, 27, 26),
(437, '2023-03-28 16:28:55', 0.4, 3, 62, 27, 44),
(438, '2023-03-28 16:49:18', 0.55, 1, 166, 23, 20),
(439, '2023-03-28 16:49:18', 0.45, 1, 166, 23, 113),
(440, '2023-03-29 05:57:08', 0.55, 1, 36, 2, 20),
(441, '2023-03-29 05:57:08', 0.6, 1, 36, 2, 29),
(442, '2023-03-29 05:57:31', 0.4, 3, 32, 2, 44),
(443, '2023-03-29 05:58:37', 0.45, 1, 31, 2, 113),
(444, '2023-03-29 05:58:54', 0.45, 1, 34, 2, 113),
(445, '2023-03-29 05:59:58', 1.7, 1, 32, 2, 35),
(446, '2023-03-29 07:01:44', 0.4, 1, 169, 23, 25),
(447, '2023-03-29 07:03:33', 0.4, 2, 59, 23, 44),
(448, '2023-03-29 07:06:26', 0.4, 1, 180, 23, 25),
(449, '2023-03-29 07:06:26', 0.4, 1, 180, 23, 44),
(450, '2023-03-29 07:31:05', 1.7, 1, 36, 2, 35),
(451, '2023-03-29 07:39:55', 0.8, 1, 60, 9, 28),
(452, '2023-03-29 07:40:56', 0.45, 1, 54, 23, 113),
(453, '2023-03-29 07:56:39', 0.45, 1, 180, 23, 2),
(454, '2023-03-29 07:56:39', 0.4, 1, 180, 23, 44),
(455, '2023-03-29 07:56:39', 0.45, 1, 180, 23, 113),
(456, '2023-03-29 07:58:17', 1, 1, 54, 23, 141),
(457, '2023-03-29 08:06:45', 1, 1, 180, 20, 141),
(458, '2023-03-29 08:38:38', 0.7, 1, 162, 8, 142),
(459, '2023-03-29 08:39:05', 0.7, 1, 47, 8, 142),
(460, '2023-03-29 08:48:46', 0.6, 1, 159, 8, 56),
(461, '2023-03-29 08:51:06', 0.85, 1, 160, 8, 27),
(462, '2023-03-29 08:51:06', 0.8, 1, 160, 8, 121),
(463, '2023-03-29 08:59:01', 0.85, 2, 154, 8, 27),
(464, '2023-03-29 08:59:01', 1.7, 1, 154, 8, 36),
(465, '2023-03-29 09:08:37', 0.85, 1, 43, 8, 26),
(466, '2023-03-29 09:09:04', 0.5, 1, 169, 8, 50),
(467, '2023-03-29 09:16:14', 0.5, 1, 54, 8, 7),
(468, '2023-03-29 09:16:52', 0.5, 1, 168, 8, 7),
(469, '2023-03-29 09:21:43', 0.5, 1, 42, 8, 50),
(470, '2023-03-29 09:35:01', 2.9, 1, 31, 8, 70),
(471, '2023-03-29 09:36:05', 1.5, 1, 168, 8, 125),
(472, '2023-03-29 09:36:47', 2.9, 1, 8, 8, 70),
(473, '2023-03-29 09:43:08', 2.9, 1, 159, 23, 70),
(474, '2023-03-29 09:44:25', 0.5, 1, 168, 23, 50),
(475, '2023-03-29 09:46:19', 1.5, 2, 59, 23, 125),
(476, '2023-03-29 09:47:11', 1.5, 2, 32, 23, 125),
(477, '2023-03-29 09:47:51', 2.9, 1, 47, 23, 70),
(478, '2023-03-29 09:49:53', 1.7, 1, 32, 23, 35),
(479, '2023-03-29 09:54:22', 0.6, 1, 31, 23, 56),
(480, '2023-03-29 09:54:22', 0.8, 1, 31, 23, 130),
(481, '2023-03-29 09:54:55', 0.5, 1, 47, 23, 7),
(482, '2023-03-29 09:56:01', 0.85, 1, 8, 23, 26),
(483, '2023-03-29 09:56:01', 1.7, 1, 8, 23, 36),
(484, '2023-03-29 09:57:33', 1.7, 1, 59, 23, 36),
(485, '2023-03-29 10:06:41', 0.5, 1, 47, 23, 7),
(486, '2023-03-29 10:08:49', 1.7, 1, 5, 23, 35),
(487, '2023-03-29 10:08:59', 0.8, 1, 5, 23, 74),
(488, '2023-03-29 10:10:12', 2.9, 1, 54, 23, 67),
(489, '2023-03-29 10:12:08', 0.5, 1, 42, 23, 50),
(490, '2023-03-29 10:12:21', 0.8, 1, 42, 23, 121),
(491, '2023-03-29 10:22:54', 1, 1, 34, 2, 141),
(492, '2023-03-29 10:27:39', 0.45, 1, 43, 23, 113),
(493, '2023-03-29 10:37:13', 1, 1, 54, 23, 141),
(494, '2023-03-29 10:43:51', 1, 1, 43, 23, 141),
(495, '2023-03-29 10:49:18', 2.9, 1, 154, 23, 67),
(496, '2023-03-29 13:02:01', 0.85, 1, 160, 23, 27),
(497, '2023-03-29 13:54:19', 1.1, 1, 61, 19, 43),
(498, '2023-03-29 13:54:19', 0.6, 1, 61, 19, 56),
(499, '2023-03-29 13:55:38', 1.6, 1, 35, 19, 139),
(500, '2023-03-29 13:56:08', 0.8, 1, 64, 19, 9),
(501, '2023-03-29 13:56:25', 1.7, 1, 32, 19, 35),
(502, '2023-03-29 13:56:25', 0.4, 1, 32, 19, 44),
(503, '2023-03-29 13:57:26', 1.05, 1, 63, 19, 27),
(504, '2023-03-29 13:59:17', 0.8, 1, 36, 23, 17),
(505, '2023-03-29 14:03:12', 2.9, 1, 5, 23, 70),
(506, '2023-03-29 14:04:11', 0.85, 1, 41, 23, 27),
(507, '2023-03-29 14:04:11', 1.7, 1, 41, 23, 35),
(508, '2023-03-29 14:04:51', 0.45, 2, 33, 23, 2),
(509, '2023-03-29 14:04:51', 1, 1, 33, 23, 141),
(510, '2023-03-29 14:08:23', 1.8, 1, 43, 8, 53),
(511, '2023-03-29 14:08:49', 0.8, 1, 27, 8, 13),
(512, '2023-03-29 14:08:49', 0.85, 1, 27, 8, 27),
(513, '2023-03-29 14:09:38', 1.05, 1, 218, 23, 26),
(514, '2023-03-29 14:10:43', 3.8, 1, 218, 23, 135),
(515, '2023-03-29 14:10:43', 1.2, 1, 218, 23, 141),
(516, '2023-03-29 14:11:51', 0.5, 1, 42, 23, 50),
(517, '2023-03-29 14:11:51', 1, 1, 42, 23, 141),
(518, '2023-03-29 14:16:00', 1.1, 1, 47, 8, 10),
(519, '2023-03-29 14:16:52', 1.7, 1, 59, 8, 36),
(520, '2023-03-29 14:38:57', 0.5, 1, 25, 2, 6),
(521, '2023-03-29 14:38:57', 0.85, 1, 25, 2, 27),
(522, '2023-03-29 14:38:57', 0.5, 1, 25, 2, 131),
(523, '2023-03-29 14:39:41', 0.85, 1, 40, 2, 26),
(524, '2023-03-29 14:39:41', 1, 1, 40, 2, 141),
(525, '2023-03-29 14:40:17', 0.6, 1, 34, 2, 56),
(526, '2023-03-29 14:40:17', 1.6, 1, 34, 2, 139),
(527, '2023-03-29 14:40:17', 1, 1, 34, 2, 141),
(528, '2023-03-29 14:53:55', 0.7, 1, 168, 2, 142),
(529, '2023-03-29 14:54:15', 0.85, 1, 31, 2, 27),
(530, '2023-03-29 14:54:15', 0.8, 1, 31, 2, 130),
(531, '2023-03-29 14:57:18', 0.5, 1, 69, 2, 7),
(532, '2023-03-29 14:57:18', 2.9, 1, 69, 2, 70),
(533, '2023-03-29 14:57:18', 0.8, 2, 69, 2, 74),
(534, '2023-03-29 14:59:26', 0.45, 4, 22, 2, 113),
(535, '2023-03-29 15:00:08', 0.5, 1, 22, 2, 6),
(536, '2023-03-29 15:10:44', 1.1, 1, 69, 2, 10),
(537, '2023-03-29 15:52:34', 0.85, 2, 166, 23, 26),
(538, '2023-03-29 15:52:34', 1.7, 1, 166, 23, 35),
(539, '2023-03-29 15:53:50', 0.85, 1, 160, 23, 27),
(540, '2023-03-29 15:53:50', 0.8, 1, 160, 23, 121),
(541, '2023-03-29 16:31:52', 0.5, 3, 154, 23, 7),
(542, '2023-03-29 16:33:20', 0.5, 1, 54, 23, 7),
(543, '2023-03-29 16:57:02', 0.45, 1, 54, 23, 113),
(544, '2023-03-29 17:20:22', 1, 1, 40, 23, 138),
(545, '2023-03-30 06:03:00', 1.1, 1, 5, 23, 10),
(546, '2023-03-30 06:03:00', 1.7, 1, 5, 23, 35),
(547, '2023-03-30 06:10:02', 0.4, 2, 32, 23, 44),
(548, '2023-03-30 06:11:12', 1.7, 1, 32, 23, 35),
(549, '2023-03-30 06:51:27', 0.85, 2, 154, 29, 27),
(550, '2023-03-30 06:51:27', 1.7, 1, 154, 29, 36),
(551, '2023-03-30 07:00:50', 0.85, 1, 160, 23, 27),
(552, '2023-03-30 07:00:50', 0.8, 1, 160, 23, 121),
(553, '2023-03-30 07:04:13', 0.4, 1, 59, 27, 44),
(554, '2023-03-30 07:15:24', 0.8, 1, 27, 27, 13),
(555, '2023-03-30 07:15:24', 0.85, 1, 27, 27, 27),
(556, '2023-03-30 07:15:38', 1.7, 1, 36, 27, 35),
(557, '2023-03-30 07:24:04', 0.4, 2, 168, 27, 44),
(558, '2023-03-30 07:29:04', 0.4, 2, 180, 20, 44),
(559, '2023-03-30 07:29:32', 0.4, 1, 169, 20, 25),
(560, '2023-03-30 07:30:24', 0.4, 1, 5, 20, 44),
(561, '2023-03-30 07:44:10', 0.85, 1, 66, 27, 27),
(562, '2023-03-30 08:08:48', 0.6, 1, 64, 27, 29),
(563, '2023-03-30 08:36:13', 1.1, 1, 159, 27, 83),
(564, '2023-03-30 08:49:42', 1.7, 1, 31, 27, 36),
(565, '2023-03-30 09:06:57', 0.45, 1, 34, 2, 113),
(566, '2023-03-30 09:07:09', 0.4, 1, 34, 2, 44),
(567, '2023-03-30 09:12:55', 1, 1, 60, 9, 28),
(568, '2023-03-30 10:00:46', 2.9, 1, 160, 23, 111),
(569, '2023-03-30 10:03:55', 2.9, 1, 169, 23, 70),
(570, '2023-03-30 10:03:55', 1, 1, 169, 23, 141),
(571, '2023-03-30 10:04:20', 2.9, 1, 159, 23, 70),
(572, '2023-03-30 10:04:43', 2.9, 1, 36, 23, 111),
(573, '2023-03-30 10:08:23', 1.8, 1, 42, 23, 53),
(574, '2023-03-30 10:08:23', 0.8, 1, 42, 23, 126),
(575, '2023-03-30 10:09:17', 1.7, 1, 184, 23, 36),
(576, '2023-03-30 10:09:17', 1.8, 1, 184, 23, 53),
(577, '2023-03-30 10:09:55', 2.9, 1, 5, 23, 70),
(578, '2023-03-30 10:10:46', 2.9, 1, 41, 23, 67),
(579, '2023-03-30 10:20:50', 2.9, 1, 169, 23, 67),
(580, '2023-03-30 10:29:13', 1.8, 1, 5, 23, 53),
(581, '2023-03-30 10:30:08', 1.8, 1, 34, 23, 53),
(582, '2023-03-30 10:39:55', 3.1, 1, 60, 9, 70),
(583, '2023-03-30 11:01:28', 3.1, 1, 62, 2, 67),
(584, '2023-03-30 11:02:52', 0.6, 1, 64, 2, 29),
(585, '2023-03-30 11:26:53', 1.7, 1, 32, 19, 35),
(586, '2023-03-30 12:30:20', 2.9, 1, 168, 27, 70),
(587, '2023-03-30 12:34:23', 2.9, 1, 5, 27, 70),
(588, '2023-03-30 12:35:42', 0.8, 1, 27, 8, 13),
(589, '2023-03-30 12:35:42', 0.85, 1, 27, 8, 27),
(590, '2023-03-30 12:45:01', 0.85, 1, 168, 8, 26),
(591, '2023-03-30 12:45:01', 0.8, 1, 168, 8, 74),
(592, '2023-03-30 12:59:12', 0.8, 1, 160, 8, 121),
(593, '2023-03-30 13:12:29', 0.7, 1, 5, 8, 142),
(594, '2023-03-30 13:12:42', 0.8, 1, 31, 8, 130),
(595, '2023-03-30 13:23:14', 1.7, 1, 43, 8, 35),
(596, '2023-03-30 13:23:41', 0.5, 1, 42, 8, 50),
(597, '2023-03-30 13:26:10', 0.5, 1, 168, 8, 50),
(598, '2023-03-30 13:27:45', 1.7, 1, 32, 8, 35),
(599, '2023-03-30 13:41:42', 0.45, 1, 180, 20, 2),
(600, '2023-03-30 13:45:13', 0.45, 1, 180, 20, 2),
(601, '2023-03-30 13:45:13', 0.4, 1, 180, 20, 44),
(602, '2023-03-30 13:51:49', 3.1, 1, 14, 20, 70),
(603, '2023-03-30 14:52:12', 0.45, 3, 22, 23, 113),
(604, '2023-03-30 15:22:17', 0.7, 1, 47, 23, 142),
(605, '2023-03-30 16:09:08', 1.7, 1, 154, 8, 36),
(606, '2023-03-30 16:09:08', 2.9, 1, 154, 8, 67),
(607, '2023-03-30 16:51:22', 0.4, 1, 47, 8, 44),
(608, '2023-03-30 16:51:22', 0.5, 1, 47, 8, 50),
(609, '2023-03-30 16:51:22', 0.45, 1, 47, 8, 113),
(610, '2023-03-30 17:03:10', 0.8, 1, 168, 8, 28),
(611, '2023-03-30 17:03:10', 0.8, 1, 168, 8, 99),
(612, '2023-03-30 17:13:43', 0.85, 1, 168, 8, 26),
(613, '2023-03-31 05:59:16', 0.4, 1, 31, 23, 25),
(614, '2023-03-31 05:59:16', 0.4, 1, 31, 23, 44),
(615, '2023-03-31 05:59:16', 0.45, 1, 31, 23, 113),
(616, '2023-03-31 06:02:27', 0.4, 1, 168, 23, 44),
(617, '2023-03-31 06:02:27', 0.8, 1, 168, 23, 130),
(618, '2023-03-31 06:03:27', 1.7, 1, 32, 23, 35),
(619, '2023-03-31 06:03:27', 0.4, 2, 32, 23, 44),
(620, '2023-03-31 06:15:10', 0.45, 2, 36, 23, 2),
(621, '2023-03-31 06:15:10', 1.7, 1, 36, 23, 36),
(622, '2023-03-31 06:28:08', 1, 1, 54, 23, 141),
(623, '2023-03-31 07:36:41', 0.45, 2, 162, 27, 113),
(624, '2023-03-31 07:36:41', 0.7, 1, 162, 27, 142),
(625, '2023-03-31 07:49:29', 0.5, 1, 168, 23, 50),
(626, '2023-03-31 07:53:49', 0.85, 2, 154, 23, 27),
(627, '2023-03-31 07:53:49', 1.7, 1, 154, 23, 36),
(628, '2023-03-31 07:55:55', 0.4, 1, 169, 23, 25),
(629, '2023-03-31 08:13:38', 0.7, 1, 47, 23, 142),
(630, '2023-03-31 08:18:42', 1.7, 2, 5, 23, 35),
(631, '2023-03-31 08:18:42', 0.8, 1, 5, 23, 130),
(632, '2023-03-31 08:18:57', 0.8, 1, 5, 23, 9),
(633, '2023-03-31 08:25:16', 0.4, 2, 32, 23, 44),
(634, '2023-03-31 08:25:33', 0.45, 1, 54, 23, 113),
(635, '2023-03-31 08:39:05', 1, 1, 34, 2, 141),
(636, '2023-03-31 08:39:46', 0.4, 2, 32, 23, 44),
(637, '2023-03-31 08:54:49', 0.8, 1, 69, 23, 74),
(638, '2023-03-31 09:16:25', 0.4, 1, 59, 23, 44),
(639, '2023-03-31 09:24:33', 0.85, 1, 160, 23, 27),
(640, '2023-03-31 09:31:18', 2.9, 1, 168, 23, 111),
(641, '2023-03-31 09:31:53', 2.9, 1, 47, 23, 67),
(642, '2023-03-31 09:44:01', 0.4, 2, 47, 23, 44),
(643, '2023-03-31 09:44:01', 0.45, 2, 47, 23, 113),
(644, '2023-03-31 09:53:21', 0.8, 1, 168, 23, 99),
(645, '2023-03-31 09:57:56', 1.8, 1, 59, 23, 53),
(646, '2023-03-31 09:57:56', 1.5, 1, 59, 23, 125),
(647, '2023-03-31 10:03:18', 0.8, 1, 42, 23, 130),
(648, '2023-03-31 10:05:06', 0.8, 1, 47, 8, 74),
(649, '2023-03-31 10:13:46', 3.1, 1, 131, 23, 67),
(650, '2023-03-31 10:17:30', 0.5, 1, 54, 23, 131),
(651, '2023-03-31 10:25:34', 0.4, 1, 32, 23, 44),
(652, '2023-03-31 10:35:36', 1.7, 1, 32, 23, 35),
(653, '2023-03-31 10:35:36', 0.4, 2, 32, 23, 44),
(654, '2023-03-31 10:57:07', 0.9, 1, 60, 9, 126),
(655, '2023-03-31 10:58:21', 0.45, 1, 180, 20, 2),
(656, '2023-03-31 10:58:21', 1.7, 1, 180, 20, 36),
(657, '2023-03-31 10:58:21', 0.5, 1, 180, 20, 50),
(658, '2023-03-31 11:17:14', 0.6, 1, 64, 20, 56),
(659, '2023-03-31 12:26:07', 3.1, 1, 136, 29, 67),
(660, '2023-03-31 12:39:34', 0.85, 1, 168, 23, 26),
(661, '2023-03-31 12:43:48', 0.4, 1, 168, 23, 140),
(662, '2023-03-31 12:46:27', 0.5, 1, 168, 23, 50),
(663, '2023-03-31 12:55:57', 0.8, 1, 168, 23, 74),
(664, '2023-03-31 12:55:57', 1, 1, 168, 23, 141),
(665, '2023-03-31 13:03:42', 0.6, 1, 159, 29, 56),
(666, '2023-03-31 13:06:24', 0.6, 1, 31, 23, 56),
(667, '2023-03-31 13:09:10', 0.8, 1, 31, 23, 130),
(668, '2023-03-31 13:22:38', 0.8, 1, 160, 23, 121),
(669, '2023-03-31 13:55:25', 0.8, 2, 27, 23, 13),
(670, '2023-03-31 13:55:38', 0.4, 1, 27, 23, 140),
(671, '2023-03-31 14:25:33', 0.5, 1, 22, 23, 6),
(672, '2023-03-31 14:25:33', 0.45, 1, 22, 23, 113),
(673, '2023-03-31 14:54:11', 0.85, 1, 41, 23, 27),
(674, '2023-04-03 05:49:11', 0.4, 1, 180, 20, 44),
(675, '2023-04-03 05:57:54', 0.4, 1, 159, 29, 44),
(676, '2023-04-03 05:57:54', 0.6, 1, 159, 29, 56),
(677, '2023-04-03 08:53:40', 1, 1, 54, 23, 141),
(678, '2023-04-03 09:36:57', 0.4, 1, 59, 23, 44),
(679, '2023-04-03 10:02:57', 0.85, 1, 166, 23, 26),
(680, '2023-04-03 10:06:08', 1, 1, 166, 23, 141),
(681, '2023-04-03 10:18:38', 0.85, 2, 154, 23, 27),
(682, '2023-04-03 10:18:38', 1.7, 1, 154, 23, 36),
(683, '2023-04-03 10:22:24', 0.85, 1, 160, 23, 27),
(684, '2023-04-03 10:22:24', 0.8, 1, 160, 23, 121),
(685, '2023-04-03 10:57:12', 0.45, 1, 180, 23, 2),
(686, '2023-04-03 10:57:12', 1.7, 1, 180, 23, 36),
(687, '2023-04-03 10:57:12', 0.45, 1, 180, 23, 113),
(688, '2023-04-03 11:38:31', 0.8, 1, 63, 23, 56),
(689, '2023-04-03 13:00:19', 0.85, 2, 177, 23, 26),
(690, '2023-04-03 13:00:19', 1, 1, 177, 23, 141),
(692, '2023-04-03 13:44:31', 1.7, 1, 175, 23, 35),
(693, '2023-04-03 14:04:21', 0.6, 1, 159, 23, 56),
(694, '2023-04-03 14:04:42', 0.85, 1, 169, 23, 26),
(695, '2023-04-03 14:08:14', 1, 1, 169, 23, 141),
(696, '2023-04-03 14:09:27', 0.4, 1, 54, 23, 25),
(697, '2023-04-03 14:11:02', 1, 1, 160, 23, 141),
(698, '2023-04-03 14:45:00', 0.5, 1, 180, 23, 50),
(699, '2023-04-03 15:45:32', 0.85, 2, 166, 20, 26),
(700, '2023-04-03 16:01:20', 0.85, 1, 175, 20, 27),
(701, '2023-04-03 16:01:20', 1.7, 1, 175, 20, 35),
(702, '2023-04-03 16:03:19', 0.85, 1, 160, 20, 27),
(703, '2023-04-03 16:03:19', 1, 1, 160, 20, 141),
(704, '2023-04-03 16:54:24', 1.7, 1, 32, 23, 35),
(705, '2023-04-04 05:52:58', 0.4, 2, 180, 20, 44),
(706, '2023-04-04 05:52:58', 1, 1, 180, 20, 141),
(707, '2023-04-04 05:58:21', 0.4, 1, 159, 20, 44),
(708, '2023-04-04 05:58:21', 0.6, 1, 159, 20, 56),
(709, '2023-04-04 06:58:37', 1.7, 1, 154, 23, 36),
(710, '2023-04-04 06:59:13', 0.85, 2, 160, 23, 27),
(711, '2023-04-04 07:11:06', 0.45, 1, 54, 23, 113),
(712, '2023-04-04 07:11:06', 1, 1, 54, 23, 141),
(713, '2023-04-04 07:35:40', 0.45, 1, 180, 23, 2),
(714, '2023-04-04 08:05:58', 0.8, 1, 175, 23, 13),
(715, '2023-04-04 10:26:55', 0.35, 1, 160, 23, 4),
(716, '2023-04-04 10:29:34', 1.7, 1, 32, 23, 35),
(717, '2023-04-04 10:29:34', 2.9, 1, 32, 23, 111),
(718, '2023-04-04 10:42:48', 0.4, 1, 32, 23, 44),
(719, '2023-04-04 10:42:48', 0.6, 1, 32, 23, 56),
(720, '2023-04-04 14:34:13', 0.85, 1, 160, 23, 27),
(721, '2023-04-04 14:34:13', 1, 1, 160, 23, 141),
(722, '2023-04-05 05:55:42', 0.4, 1, 180, 29, 44),
(723, '2023-04-05 05:56:34', 0.4, 1, 159, 29, 44),
(724, '2023-04-05 05:56:34', 0.6, 1, 159, 29, 56),
(725, '2023-04-05 07:45:54', 0.85, 2, 154, 20, 27),
(726, '2023-04-05 07:45:54', 1.7, 1, 154, 20, 36),
(727, '2023-04-05 07:47:28', 0.45, 1, 180, 20, 2),
(728, '2023-04-05 07:47:28', 0.4, 1, 180, 20, 44),
(729, '2023-04-05 07:47:28', 1, 1, 180, 20, 141),
(730, '2023-04-05 08:06:52', 0.5, 2, 174, 20, 6),
(731, '2023-04-05 08:06:52', 0.4, 1, 174, 20, 44),
(732, '2023-04-05 08:19:27', 0.4, 1, 169, 20, 25),
(733, '2023-04-05 08:31:15', 1.7, 1, 175, 20, 35),
(734, '2023-04-05 08:41:17', 0.85, 1, 160, 20, 27),
(735, '2023-04-05 08:41:57', 0.45, 1, 180, 20, 2),
(736, '2023-04-05 08:41:57', 0.5, 1, 180, 20, 50),
(737, '2023-04-05 08:42:30', 0.6, 1, 159, 20, 56),
(738, '2023-04-05 08:57:22', 1, 1, 160, 23, 141),
(739, '2023-04-05 10:04:44', 1, 2, 160, 23, 138),
(740, '2023-04-05 10:34:15', 1.8, 1, 184, 23, 53),
(741, '2023-04-05 10:39:28', 1.7, 1, 184, 23, 36),
(742, '2023-04-05 10:43:14', 1.7, 1, 32, 23, 35),
(743, '2023-04-05 12:46:35', 1, 1, 160, 23, 141),
(744, '2023-04-05 15:38:02', 0.45, 1, 180, 20, 2),
(745, '2023-04-05 15:42:01', 1, 2, 160, 20, 141),
(746, '2023-04-06 06:05:39', 0.45, 1, 180, 20, 2),
(747, '2023-04-06 06:05:39', 0.4, 1, 180, 20, 25),
(748, '2023-04-06 06:05:39', 0.4, 2, 180, 20, 44),
(749, '2023-04-06 06:53:43', 0.4, 1, 159, 20, 44),
(750, '2023-04-06 07:22:06', 1.7, 1, 154, 23, 36),
(751, '2023-04-06 07:32:28', 1.8, 1, 162, 23, 53),
(752, '2023-04-06 07:32:28', 0.7, 1, 162, 23, 142),
(753, '2023-04-06 07:34:30', 0.8, 1, 169, 23, 130),
(754, '2023-04-06 07:53:52', 0.45, 2, 162, 23, 113),
(755, '2023-04-06 07:54:54', 0.6, 1, 159, 23, 56),
(756, '2023-04-06 11:53:50', 0.5, 1, 180, 20, 50),
(757, '2023-04-06 12:32:22', 0.4, 1, 159, 20, 44),
(758, '2023-04-06 12:32:22', 0.6, 1, 159, 20, 56),
(759, '2023-04-06 13:07:42', 1.7, 1, 184, 23, 36),
(760, '2023-04-06 17:12:44', 0.45, 1, 180, 20, 2),
(761, '2023-04-06 17:12:44', 0.85, 1, 180, 20, 26),
(762, '2023-04-06 17:12:44', 1.7, 1, 180, 20, 36),
(763, '2023-04-06 17:12:44', 0.45, 1, 180, 20, 113),
(764, '2023-04-07 08:04:49', 1.7, 1, 180, 29, 36),
(765, '2023-04-07 08:05:01', 1.7, 1, 159, 29, 36),
(766, '2023-04-07 08:10:09', 1.7, 1, 184, 29, 36),
(767, '2023-04-07 08:10:41', 0.4, 1, 169, 29, 25),
(768, '2023-04-07 10:02:44', 0.5, 1, 175, 20, 7),
(769, '2023-04-07 10:02:44', 1.7, 2, 175, 20, 35),
(770, '2023-04-07 10:02:44', 0.85, 2, 175, 20, 27),
(771, '2023-04-07 13:16:53', 0.8, 1, 163, 24, 121),
(772, '2023-04-07 13:36:21', 0.85, 1, 175, 24, 27),
(773, '2023-04-07 13:36:21', 1.7, 1, 175, 24, 35),
(774, '2023-04-07 14:13:32', 0.45, 2, 54, 23, 113),
(775, '2023-04-07 14:48:30', 0.85, 1, 160, 23, 27),
(776, '2023-04-07 14:48:30', 0.8, 1, 160, 23, 121),
(777, '2023-04-07 14:48:30', 1, 1, 160, 23, 141),
(778, '2023-04-07 16:13:31', 0.6, 1, 159, 29, 56),
(779, '2023-04-07 16:13:56', 0.45, 1, 180, 29, 2),
(780, '2023-04-07 16:13:56', 0.85, 1, 180, 29, 26),
(781, '2023-04-07 16:13:56', 1.7, 1, 180, 29, 36),
(782, '2023-04-07 16:13:56', 0.4, 1, 180, 29, 44),
(783, '2023-04-12 13:47:55', 0.4, 1, 168, 23, 44),
(784, '2023-04-12 13:47:55', 0.5, 1, 168, 23, 50),
(785, '2023-04-12 13:51:21', 1.7, 1, 54, 23, 36),
(786, '2023-04-12 13:56:28', 0.8, 1, 160, 23, 121),
(787, '2023-04-12 13:56:48', 0.85, 1, 160, 23, 27),
(788, '2023-04-12 13:57:09', 0.4, 1, 168, 23, 140),
(789, '2023-04-13 06:58:27', 0.7, 1, 67, 23, 6),
(790, '2023-04-13 06:59:42', 0.4, 1, 175, 23, 25),
(791, '2023-04-13 07:35:46', 0.85, 1, 168, 23, 26),
(792, '2023-04-13 07:35:46', 0.5, 1, 168, 23, 50),
(793, '2023-04-13 08:10:58', 0.45, 1, 54, 23, 113),
(794, '2023-04-13 08:56:49', 0.8, 1, 168, 23, 130),
(795, '2023-04-13 08:56:49', 0.4, 1, 168, 23, 140),
(796, '2023-04-13 09:58:12', 1, 1, 175, 23, 11),
(797, '2023-04-13 09:58:12', 0.85, 1, 175, 23, 27),
(798, '2023-04-13 12:33:26', 0.85, 1, 168, 23, 26),
(799, '2023-04-13 12:33:26', 0.7, 1, 168, 23, 142),
(800, '2023-04-13 14:10:12', 0.45, 1, 54, 23, 113),
(801, '2023-04-13 14:11:54', 0.45, 1, 54, 23, 113),
(802, '2023-04-14 06:56:48', 0.4, 1, 168, 23, 44),
(803, '2023-04-14 06:56:48', 0.4, 1, 168, 23, 140),
(804, '2023-04-14 06:57:31', 0.7, 1, 67, 23, 6),
(805, '2023-04-14 07:41:38', 0.5, 1, 168, 23, 6),
(806, '2023-04-14 08:02:50', 0.45, 1, 54, 23, 113),
(807, '2023-04-14 12:44:29', 0.8, 1, 168, 23, 74),
(808, '2023-04-14 12:45:13', 1.7, 1, 54, 23, 36),
(809, '2023-04-14 14:20:21', 0.85, 1, 168, 23, 26),
(810, '2023-04-14 14:20:21', 0.5, 1, 168, 23, 50),
(811, '2023-04-14 15:44:24', 1.7, 1, 32, 19, 35),
(812, '2023-04-17 07:10:35', 0.5, 1, 168, 23, 6),
(813, '2023-04-17 07:10:43', 0.4, 1, 168, 23, 140),
(814, '2023-04-17 13:48:48', 1.7, 1, 54, 23, 36),
(815, '2023-04-17 14:22:49', 1.7, 1, 168, 23, 35),
(816, '2023-04-18 08:43:42', 0.4, 1, 168, 23, 44),
(817, '2023-04-18 08:43:42', 0.45, 1, 168, 23, 113),
(818, '2023-04-18 09:14:01', 0.45, 1, 54, 23, 113),
(819, '2023-04-18 09:37:29', 0.45, 1, 54, 23, 113),
(820, '2023-04-18 10:44:39', 1.7, 1, 54, 23, 36),
(821, '2023-04-18 12:46:34', 0.7, 1, 67, 23, 6),
(822, '2023-04-18 12:47:31', 0.5, 1, 168, 23, 6),
(823, '2023-04-18 14:15:43', 1.05, 1, 67, 23, 27),
(824, '2023-04-18 14:15:43', 0.6, 2, 67, 23, 44),
(825, '2023-04-19 09:26:03', 1.7, 1, 54, 23, 36),
(826, '2023-04-19 10:47:50', 1.7, 1, 32, 19, 35),
(827, '2023-04-19 10:48:49', 0.85, 1, 168, 19, 26),
(828, '2023-04-19 10:48:49', 0.8, 1, 168, 19, 28),
(829, '2023-04-19 10:48:49', 0.8, 1, 168, 19, 130),
(830, '2023-04-20 07:08:44', 0.4, 1, 168, 23, 44),
(831, '2023-04-20 07:08:44', 0.4, 1, 168, 23, 140),
(832, '2023-04-20 08:01:52', 0.45, 1, 54, 23, 113),
(833, '2023-04-20 08:11:26', 0.4, 1, 168, 23, 44),
(834, '2023-04-20 08:12:55', 0.45, 1, 54, 23, 113),
(835, '2023-04-20 10:21:30', 0.8, 1, 168, 23, 28),
(836, '2023-04-20 10:21:30', 0.8, 1, 168, 23, 74),
(837, '2023-04-20 11:17:19', 1.7, 1, 32, 23, 35),
(838, '2023-04-20 13:54:26', 0.5, 1, 168, 23, 50),
(839, '2023-04-20 14:03:39', 0.5, 1, 168, 23, 50),
(840, '2023-04-21 08:21:34', 0.45, 1, 54, 23, 113),
(841, '2023-04-21 08:34:50', 1.7, 1, 168, 23, 35),
(842, '2023-04-21 11:14:14', 1.7, 1, 32, 19, 35),
(843, '2023-04-21 11:14:14', 0.4, 3, 32, 19, 44),
(844, '2023-04-21 11:30:18', 0.4, 1, 32, 19, 44),
(845, '2023-04-21 11:30:18', 0.6, 1, 32, 19, 56),
(846, '2023-04-21 11:40:51', 0.6, 1, 32, 19, 29),
(847, '2023-04-21 12:40:15', 1.7, 1, 54, 23, 36),
(848, '2023-04-21 12:52:04', 0.5, 1, 168, 23, 50),
(849, '2023-04-21 13:27:13', 0.85, 1, 160, 23, 27),
(850, '2023-04-21 13:27:13', 0.8, 1, 160, 23, 121),
(851, '2023-04-21 13:46:02', 0.8, 1, 160, 23, 126),
(852, '2023-04-21 13:46:34', 0.9, 1, 228, 23, 126),
(853, '2023-04-24 07:49:12', 0.4, 1, 159, 29, 44),
(854, '2023-04-24 07:49:12', 0.6, 1, 159, 29, 56),
(855, '2023-04-24 07:55:15', 0.8, 1, 154, 29, 9),
(856, '2023-04-24 07:55:15', 0.85, 2, 154, 29, 27),
(857, '2023-04-24 07:59:48', 0.45, 1, 180, 29, 2),
(858, '2023-04-24 07:59:48', 0.4, 1, 180, 29, 44),
(859, '2023-04-24 08:02:34', 0.4, 1, 162, 29, 44),
(860, '2023-04-24 08:02:34', 0.7, 1, 162, 29, 142),
(861, '2023-04-24 08:02:34', 1.6, 1, 162, 29, 139),
(862, '2023-04-24 10:10:40', 0.8, 1, 24, 23, 13),
(863, '2023-04-24 10:10:40', 0.85, 1, 24, 23, 26),
(864, '2023-04-24 10:24:10', 1.1, 1, 166, 23, 10),
(865, '2023-04-24 12:37:16', 0.8, 1, 160, 23, 121),
(866, '2023-04-24 14:12:36', 0.45, 1, 180, 20, 2),
(867, '2023-04-24 14:12:36', 0.5, 1, 180, 20, 50),
(868, '2023-04-24 15:34:10', 0.85, 1, 160, 23, 27),
(869, '2023-04-24 15:34:10', 0.8, 1, 160, 23, 121),
(870, '2023-04-24 15:34:23', 0.85, 1, 166, 23, 26),
(871, '2023-04-24 15:35:07', 0.85, 1, 166, 23, 27),
(872, '2023-04-24 15:37:46', 0.85, 2, 154, 23, 26),
(873, '2023-04-24 15:37:46', 1.7, 1, 154, 23, 36),
(874, '2023-04-25 08:01:17', 0.7, 1, 162, 23, 142),
(875, '2023-04-25 08:04:49', 0.85, 1, 160, 23, 27),
(876, '2023-04-25 08:08:44', 1.7, 1, 184, 23, 36),
(877, '2023-04-25 09:56:50', 0.5, 1, 159, 29, 131),
(878, '2023-04-25 10:28:46', 0.45, 1, 180, 29, 2),
(879, '2023-04-25 10:28:46', 0.5, 1, 180, 29, 50),
(880, '2023-04-25 11:21:19', 0.85, 1, 160, 23, 27),
(881, '2023-04-25 11:21:19', 0.8, 1, 160, 23, 121),
(882, '2023-04-25 11:31:31', 0.85, 1, 175, 23, 27),
(883, '2023-04-25 11:31:31', 1.7, 1, 175, 23, 35),
(884, '2023-04-25 11:52:10', 0.7, 1, 67, 23, 6),
(885, '2023-04-25 13:33:26', 1.7, 1, 154, 29, 36),
(886, '2023-04-25 13:34:08', 0.6, 1, 159, 29, 56),
(887, '2023-04-25 13:37:13', 0.4, 1, 169, 29, 25),
(888, '2023-04-25 13:39:10', 0.5, 1, 166, 29, 6),
(889, '2023-04-25 13:39:10', 0.85, 1, 166, 29, 26),
(890, '2023-04-25 16:01:07', 0.85, 1, 160, 23, 27),
(891, '2023-04-26 10:58:43', 0.8, 1, 166, 23, 126),
(892, '2023-04-26 11:04:21', 0.45, 1, 180, 23, 2),
(893, '2023-04-26 11:07:45', 0.5, 1, 166, 23, 6),
(894, '2023-04-26 11:07:45', 0.4, 1, 166, 23, 140),
(895, '2023-04-26 11:18:43', 1.1, 1, 162, 23, 83),
(896, '2023-04-26 11:22:15', 1.05, 2, 179, 23, 27),
(897, '2023-04-26 14:38:58', 1.7, 1, 180, 20, 36),
(898, '2023-04-26 14:44:10', 0.85, 1, 166, 20, 27),
(899, '2023-04-27 06:06:10', 0.45, 1, 180, 20, 2),
(900, '2023-04-27 06:06:10', 0.4, 1, 180, 20, 25),
(901, '2023-04-27 06:06:10', 0.4, 1, 180, 20, 44),
(902, '2023-04-27 06:08:28', 0.5, 1, 166, 20, 6),
(903, '2023-04-27 06:08:28', 0.4, 2, 166, 20, 140),
(904, '2023-04-27 06:41:01', 0.5, 1, 166, 20, 6),
(905, '2023-04-27 06:41:29', 0.4, 1, 169, 20, 25),
(906, '2023-04-27 06:44:42', 1.1, 1, 159, 20, 83),
(907, '2023-04-27 06:59:30', 1.7, 1, 175, 20, 35),
(908, '2023-04-27 07:37:41', 0.85, 1, 160, 23, 27),
(909, '2023-04-27 07:50:29', 0.85, 2, 154, 23, 26),
(910, '2023-04-27 07:50:29', 1.7, 1, 154, 23, 36),
(911, '2023-04-27 08:00:00', 1, 1, 166, 23, 11),
(912, '2023-04-27 08:00:00', 0.5, 1, 166, 23, 50),
(913, '2023-04-27 08:00:15', 0.45, 1, 180, 23, 2),
(914, '2023-04-27 11:12:38', 0.85, 1, 160, 23, 27),
(915, '2023-04-27 12:35:45', 0.85, 1, 175, 20, 27),
(916, '2023-04-27 12:35:45', 1.7, 1, 175, 20, 35),
(917, '2023-04-27 12:35:45', 0.8, 1, 175, 20, 28),
(918, '2023-04-27 12:38:14', 0.85, 1, 166, 20, 26),
(919, '2023-04-27 12:38:39', 0.6, 1, 159, 20, 56),
(920, '2023-04-27 13:11:52', 0.85, 1, 166, 20, 26),
(921, '2023-04-27 13:23:13', 0.7, 1, 67, 20, 6),
(922, '2023-04-27 14:35:04', 0.4, 1, 163, 29, 25),
(923, '2023-04-27 15:36:49', 1.7, 1, 180, 20, 36),
(924, '2023-04-28 08:02:20', 0.4, 1, 180, 20, 44),
(925, '2023-04-28 08:02:48', 0.5, 1, 166, 20, 6),
(926, '2023-04-28 08:02:48', 0.85, 2, 166, 20, 26),
(927, '2023-04-28 08:04:39', 0.45, 1, 180, 20, 2),
(928, '2023-04-28 10:22:33', 1.1, 1, 166, 23, 10),
(929, '2023-04-28 10:22:33', 0.5, 1, 166, 23, 50),
(930, '2023-04-28 11:04:23', 0.5, 1, 180, 23, 50),
(931, '2023-04-28 12:54:42', 0.45, 1, 180, 23, 2),
(932, '2023-04-28 12:54:42', 0.85, 1, 180, 23, 26),
(933, '2023-04-28 12:54:42', 0.45, 1, 180, 23, 113),
(934, '2023-04-28 12:55:05', 0.85, 1, 166, 23, 26),
(935, '2023-04-28 13:01:36', 0.5, 1, 166, 23, 6),
(936, '2023-04-28 13:01:52', 0.4, 1, 159, 23, 44),
(937, '2023-04-28 13:11:03', 0.85, 2, 160, 23, 27),
(938, '2023-04-28 13:34:17', 1, 1, 175, 23, 11),
(939, '2023-04-28 13:34:17', 0.85, 1, 175, 23, 27),
(940, '2023-04-28 13:40:54', 0.8, 1, 160, 23, 13),
(941, '2023-04-28 15:37:18', 0.8, 1, 169, 23, 28),
(942, '2023-04-28 15:38:12', 0.85, 2, 166, 23, 26),
(943, '2023-04-28 15:54:32', 0.85, 2, 154, 23, 27),
(944, '2023-04-28 15:54:32', 1.7, 1, 154, 23, 36),
(945, '2023-04-28 17:03:38', 1.7, 1, 180, 20, 36),
(946, '2023-05-02 05:52:53', 0.45, 1, 180, 20, 2),
(947, '2023-05-02 05:52:53', 0.4, 2, 180, 20, 44),
(948, '2023-05-02 08:03:48', 0.85, 2, 160, 23, 27),
(949, '2023-05-02 08:03:48', 0.8, 1, 160, 23, 121),
(950, '2023-05-02 08:09:42', 0.6, 1, 159, 23, 56),
(951, '2023-05-02 09:01:10', 0.5, 1, 166, 23, 6),
(952, '2023-05-02 09:01:10', 0.85, 1, 166, 23, 26),
(953, '2023-05-02 09:07:17', 0.85, 1, 166, 23, 26),
(954, '2023-05-02 09:07:17', 0.45, 2, 166, 23, 113),
(955, '2023-05-02 10:21:56', 0.45, 1, 180, 23, 2),
(956, '2023-05-02 10:21:56', 0.85, 1, 180, 23, 26),
(957, '2023-05-02 10:23:32', 0.4, 1, 180, 23, 25),
(958, '2023-05-02 10:29:25', 0.8, 1, 47, 23, 17),
(959, '2023-05-02 12:14:17', 0.5, 1, 166, 23, 6),
(960, '2023-05-02 12:14:17', 0.8, 1, 166, 23, 28),
(961, '2023-05-02 12:14:49', 0.6, 1, 159, 23, 56),
(962, '2023-05-02 13:32:19', 0.8, 1, 175, 23, 13),
(963, '2023-05-02 15:21:58', 1.7, 1, 180, 20, 36),
(964, '2023-05-02 15:40:50', 0.45, 1, 180, 20, 2),
(965, '2023-05-02 15:40:50', 0.4, 1, 180, 20, 44),
(966, '2023-05-02 15:40:50', 0.5, 1, 180, 20, 50),
(967, '2023-05-03 07:26:13', 0.45, 1, 180, 23, 2),
(968, '2023-05-03 07:26:13', 0.4, 1, 180, 23, 25),
(969, '2023-05-03 07:26:13', 0.4, 2, 180, 23, 44),
(970, '2023-05-03 07:27:51', 0.4, 1, 169, 23, 25),
(971, '2023-05-03 08:05:54', 0.85, 1, 163, 23, 26),
(972, '2023-05-03 08:10:12', 0.5, 2, 162, 23, 6),
(973, '2023-05-03 08:24:10', 0.85, 1, 166, 23, 26),
(974, '2023-05-03 10:31:10', 0.8, 1, 47, 23, 74),
(975, '2023-05-03 10:33:38', 0.85, 1, 160, 23, 26),
(976, '2023-05-03 10:33:38', 0.85, 1, 160, 23, 27),
(977, '2023-05-03 10:33:38', 0.5, 1, 160, 23, 80),
(978, '2023-05-03 10:34:40', 1.8, 1, 5, 23, 53),
(979, '2023-05-03 10:36:15', 1.1, 1, 24, 23, 10),
(980, '2023-05-03 10:52:11', 0.85, 1, 5, 23, 27),
(981, '2023-05-03 10:54:07', 0.85, 1, 5, 23, 27),
(982, '2023-05-03 11:17:23', 0.85, 1, 160, 23, 27),
(983, '2023-05-03 11:17:34', 0.85, 1, 166, 23, 27),
(984, '2023-05-03 15:36:42', 1, 1, 27, 29, 11),
(985, '2023-05-03 15:36:42', 0.85, 1, 27, 29, 27),
(986, '2023-05-03 16:33:49', 0.45, 1, 180, 20, 2),
(987, '2023-05-04 06:31:02', 1.7, 1, 5, 23, 35),
(988, '2023-05-04 06:31:28', 0.4, 1, 169, 23, 25),
(989, '2023-05-04 07:01:03', 0.5, 1, 166, 23, 6),
(990, '2023-05-04 07:01:03', 0.4, 1, 166, 23, 44),
(991, '2023-05-04 07:01:03', 0.4, 1, 166, 23, 140),
(992, '2023-05-04 07:01:46', 1.7, 1, 5, 23, 35),
(993, '2023-05-04 07:12:13', 0.85, 1, 166, 23, 27),
(994, '2023-05-04 07:12:13', 0.4, 1, 166, 23, 44),
(995, '2023-05-04 07:12:20', 0.4, 1, 180, 23, 25),
(996, '2023-05-04 07:13:42', 0.45, 1, 180, 23, 2),
(997, '2023-05-04 07:20:52', 0.8, 1, 160, 23, 121),
(998, '2023-05-04 07:31:42', 0.5, 1, 180, 29, 50),
(999, '2023-05-04 07:32:11', 0.6, 1, 159, 29, 56),
(1000, '2023-05-04 08:30:38', 0.85, 2, 5, 29, 27),
(1001, '2023-05-04 09:00:33', 0.45, 1, 180, 23, 2),
(1002, '2023-05-04 09:01:23', 0.6, 1, 159, 23, 56),
(1003, '2023-05-04 15:37:11', 0.45, 1, 180, 23, 2),
(1004, '2023-05-04 15:38:22', 0.5, 1, 166, 23, 6),
(1005, '2023-05-04 15:38:22', 0.85, 1, 166, 23, 26),
(1006, '2023-05-04 15:49:10', 0.85, 1, 180, 23, 26),
(1007, '2023-05-04 15:52:16', 0.8, 1, 160, 23, 121),
(1008, '2023-05-05 07:58:41', 0.4, 1, 180, 20, 44),
(1009, '2023-05-05 08:00:05', 0.85, 1, 160, 20, 27),
(1010, '2023-05-05 08:03:37', 0.8, 1, 160, 20, 13),
(1011, '2023-05-05 08:33:45', 0.85, 1, 175, 20, 27),
(1012, '2023-05-05 08:33:45', 1.7, 1, 175, 20, 35),
(1013, '2023-05-05 09:03:43', 0.45, 1, 180, 20, 2),
(1014, '2023-05-05 10:44:46', 0.7, 1, 166, 23, 142),
(1015, '2023-05-05 11:29:45', 1.7, 1, 175, 23, 35),
(1016, '2023-05-05 11:46:51', 1.1, 1, 163, 29, 83),
(1017, '2023-05-05 11:55:51', 1.7, 1, 169, 29, 36),
(1018, '2023-05-05 12:11:43', 1.7, 1, 160, 29, 35),
(1019, '2023-05-05 12:12:01', 1.7, 1, 180, 29, 36),
(1020, '2023-05-05 12:20:27', 0.8, 1, 166, 29, 9),
(1021, '2023-05-05 12:20:27', 0.85, 1, 166, 29, 26),
(1022, '2023-05-05 12:23:49', 0.5, 1, 162, 29, 6),
(1023, '2023-05-05 12:30:09', 0.45, 1, 180, 29, 2),
(1024, '2023-05-05 12:30:09', 0.5, 1, 180, 29, 50),
(1025, '2023-05-05 13:22:01', 1.6, 1, 162, 23, 139),
(1026, '2023-05-05 13:46:50', 1.7, 1, 154, 23, 36),
(1027, '2023-05-05 15:59:44', 1.7, 1, 180, 20, 36),
(1028, '2023-05-09 07:04:05', 0.85, 2, 154, 23, 27),
(1029, '2023-05-09 07:04:05', 1.7, 1, 154, 23, 36);
INSERT INTO `achats` (`id`, `date`, `montant_unitaire`, `quantite`, `client_id`, `vendeur_id`, `produit_id`) VALUES
(1030, '2023-05-09 07:35:38', 0.85, 1, 160, 23, 27),
(1031, '2023-05-09 07:35:55', 0.85, 1, 160, 23, 27),
(1032, '2023-05-09 07:54:36', 0.5, 2, 162, 23, 6),
(1033, '2023-05-09 10:27:50', 0.5, 1, 166, 23, 6),
(1034, '2023-05-09 10:27:50', 1.1, 1, 166, 23, 10),
(1035, '2023-05-09 12:22:37', 0.85, 1, 166, 23, 26),
(1036, '2023-05-09 14:35:45', 0.8, 1, 160, 23, 121),
(1037, '2023-05-09 14:43:14', 0.85, 1, 166, 23, 26),
(1038, '2023-05-09 15:27:10', 0.45, 1, 180, 23, 2),
(1039, '2023-05-09 15:27:10', 0.8, 1, 180, 23, 28),
(1040, '2023-05-09 15:27:10', 1.7, 1, 180, 23, 36),
(1041, '2023-05-09 15:27:10', 0.4, 1, 180, 23, 44),
(1042, '2023-05-09 15:27:10', 0.45, 1, 180, 23, 113),
(1043, '2023-05-09 16:10:28', 1, 1, 218, 29, 9),
(1044, '2023-05-09 16:10:28', 1, 1, 218, 29, 74),
(1045, '2023-05-09 16:25:53', 0.6, 1, 159, 29, 42),
(1046, '2023-05-10 07:56:41', 0.5, 2, 162, 29, 6),
(1047, '2023-05-10 07:59:15', 0.85, 2, 154, 29, 26),
(1048, '2023-05-10 07:59:15', 1.7, 1, 154, 29, 36),
(1049, '2023-05-10 08:03:32', 0.8, 1, 175, 29, 28),
(1050, '2023-05-10 08:03:32', 1.7, 1, 175, 29, 35),
(1051, '2023-05-10 08:03:56', 0.85, 1, 160, 29, 26),
(1052, '2023-05-10 08:21:56', 0.85, 1, 160, 29, 26),
(1053, '2023-05-10 08:25:38', 0.6, 1, 159, 29, 56),
(1054, '2023-05-10 08:41:32', 0.45, 1, 180, 29, 2),
(1055, '2023-05-10 08:41:32', 0.4, 1, 180, 29, 25),
(1056, '2023-05-10 10:05:32', 0.8, 1, 161, 20, 9),
(1057, '2023-05-10 10:07:30', 1, 1, 186, 20, 130),
(1058, '2023-05-10 10:25:12', 1.7, 1, 159, 20, 36),
(1059, '2023-05-10 10:47:24', 1.1, 1, 24, 20, 10),
(1060, '2023-05-10 16:37:43', 1.7, 1, 180, 20, 36),
(1061, '2023-05-10 16:38:08', 0.45, 1, 180, 20, 2),
(1062, '2023-05-10 16:38:08', 0.4, 2, 180, 20, 44),
(1063, '2023-05-11 07:20:52', 0.45, 1, 180, 20, 2),
(1064, '2023-05-11 07:20:52', 0.8, 1, 180, 20, 74),
(1065, '2023-05-11 07:28:04', 0.4, 2, 162, 20, 25),
(1066, '2023-05-11 08:02:07', 1.7, 1, 154, 20, 36),
(1067, '2023-05-11 08:02:07', 2.9, 1, 154, 20, 67),
(1068, '2023-05-11 08:24:43', 0.8, 1, 175, 29, 13),
(1069, '2023-05-11 08:24:43', 0.8, 1, 175, 29, 28),
(1070, '2023-05-11 08:25:30', 0.6, 1, 159, 29, 56),
(1071, '2023-05-11 08:35:47', 0.5, 1, 166, 23, 6),
(1072, '2023-05-11 11:30:21', 1.7, 1, 175, 23, 35),
(1073, '2023-05-11 11:51:57', 0.8, 1, 160, 23, 13),
(1074, '2023-05-11 11:53:05', 0.85, 1, 166, 23, 26),
(1075, '2023-05-11 11:57:49', 1.7, 1, 154, 23, 36),
(1076, '2023-05-11 16:40:05', 0.85, 3, 154, 23, 26),
(1077, '2023-05-11 16:44:21', 0.85, 2, 160, 23, 26),
(1078, '2023-05-12 07:58:44', 0.6, 1, 159, 23, 56),
(1079, '2023-05-12 07:59:02', 0.85, 1, 166, 23, 26),
(1080, '2023-05-12 08:02:46', 0.85, 1, 160, 23, 26),
(1081, '2023-05-12 08:03:10', 0.45, 1, 180, 23, 2),
(1082, '2023-05-12 08:03:10', 0.4, 1, 180, 23, 44),
(1083, '2023-05-12 08:04:48', 0.5, 1, 166, 23, 6),
(1084, '2023-05-12 08:04:48', 0.85, 1, 166, 23, 26),
(1085, '2023-05-12 08:06:31', 0.4, 1, 180, 23, 25),
(1086, '2023-05-12 11:30:18', 1.7, 1, 175, 23, 35),
(1087, '2023-05-12 11:30:18', 0.5, 1, 175, 23, 50),
(1088, '2023-05-12 12:34:50', 0.8, 1, 163, 29, 17),
(1089, '2023-05-12 12:40:58', 0.5, 1, 166, 23, 6),
(1090, '2023-05-12 12:45:34', 0.45, 1, 180, 23, 2),
(1091, '2023-05-12 12:51:25', 0.8, 1, 160, 23, 13),
(1092, '2023-05-12 12:56:03', 0.5, 1, 166, 23, 6),
(1093, '2023-05-12 12:56:03', 0.85, 1, 166, 23, 26),
(1094, '2023-05-12 12:56:03', 0.8, 1, 166, 23, 28),
(1095, '2023-05-12 12:56:03', 0.7, 1, 166, 23, 142),
(1096, '2023-05-12 12:56:15', 0.85, 1, 166, 23, 26),
(1097, '2023-05-12 13:34:50', 0.8, 1, 175, 23, 28),
(1098, '2023-05-12 13:34:50', 1.7, 1, 175, 23, 35),
(1099, '2023-05-12 13:41:07', 0.4, 1, 159, 29, 44),
(1100, '2023-05-12 13:41:07', 0.6, 1, 159, 29, 56),
(1101, '2023-05-12 13:53:49', 1.7, 1, 154, 29, 36),
(1102, '2023-05-12 13:53:49', 0.6, 2, 154, 29, 56),
(1103, '2023-05-12 14:43:42', 1.7, 1, 154, 23, 36),
(1104, '2023-05-12 15:49:53', 0.8, 1, 160, 23, 13),
(1105, '2023-05-12 17:02:22', 0.45, 1, 180, 20, 2),
(1106, '2023-05-12 17:02:22', 1.7, 1, 180, 20, 36),
(1107, '2023-05-15 08:04:29', 0.85, 1, 166, 23, 26),
(1108, '2023-05-15 08:04:29', 0.4, 1, 166, 23, 44),
(1109, '2023-05-15 08:05:11', 1.05, 1, 176, 23, 26),
(1110, '2023-05-15 08:05:28', 0.65, 1, 176, 23, 113),
(1111, '2023-05-15 08:06:24', 0.85, 2, 154, 23, 26),
(1112, '2023-05-15 09:53:43', 0.8, 1, 160, 23, 13),
(1113, '2023-05-15 09:58:08', 0.8, 1, 175, 23, 28),
(1114, '2023-05-15 09:58:08', 1.7, 1, 175, 23, 35),
(1115, '2023-05-15 10:27:05', 0.45, 1, 166, 23, 2),
(1116, '2023-05-15 10:27:05', 1.1, 1, 166, 23, 10),
(1117, '2023-05-15 15:07:00', 0.6, 1, 159, 29, 56),
(1118, '2023-05-15 15:07:20', 1.7, 1, 154, 29, 36),
(1119, '2023-05-15 15:07:47', 0.85, 2, 154, 29, 26),
(1120, '2023-05-15 15:08:32', 0.45, 2, 175, 29, 2),
(1121, '2023-05-15 15:08:32', 1.7, 1, 175, 29, 35),
(1122, '2023-05-16 06:58:37', 1.7, 1, 154, 23, 36),
(1123, '2023-05-16 07:02:50', 1.7, 1, 175, 23, 35),
(1124, '2023-05-16 07:03:28', 0.45, 2, 169, 23, 113),
(1125, '2023-05-16 07:04:06', 0.4, 1, 169, 23, 25),
(1126, '2023-05-17 06:57:09', 0.5, 1, 177, 20, 6),
(1127, '2023-05-17 06:57:09', 0.85, 2, 177, 20, 26),
(1128, '2023-05-17 07:00:39', 1.7, 1, 175, 20, 35),
(1129, '2023-05-17 07:09:35', 0.85, 1, 163, 20, 26),
(1130, '2023-05-17 07:36:39', 0.45, 1, 180, 20, 2),
(1131, '2023-05-17 07:38:19', 0.85, 2, 166, 20, 26),
(1132, '2023-05-17 07:51:59', 0.85, 1, 160, 20, 26),
(1133, '2023-05-17 07:56:07', 0.85, 1, 160, 20, 26),
(1134, '2023-05-17 08:49:02', 0.85, 2, 154, 29, 26),
(1135, '2023-05-17 08:49:02', 1.7, 1, 154, 29, 36),
(1136, '2023-05-17 11:00:38', 1.7, 1, 27, 23, 35),
(1137, '2023-05-17 11:01:37', 0.8, 1, 166, 23, 13),
(1138, '2023-05-17 11:12:41', 1.7, 1, 27, 23, 35),
(1139, '2023-05-17 11:27:37', 1.7, 1, 154, 23, 36),
(1140, '2023-05-17 14:14:42', 1.7, 1, 27, 2, 35),
(1141, '2023-05-19 05:47:23', 0.5, 1, 166, 23, 6),
(1142, '2023-05-19 05:47:23', 0.85, 1, 166, 23, 26),
(1143, '2023-05-19 07:58:10', 0.85, 2, 154, 23, 26),
(1144, '2023-05-19 07:58:10', 1.7, 1, 154, 23, 36),
(1145, '2023-05-19 08:00:03', 0.4, 1, 169, 23, 25),
(1146, '2023-05-19 08:00:03', 0.8, 1, 169, 23, 28),
(1147, '2023-05-19 08:00:03', 0.6, 1, 169, 23, 29),
(1148, '2023-05-19 09:09:42', 0.8, 1, 160, 23, 13),
(1149, '2023-05-19 10:05:25', 1.7, 1, 154, 23, 36),
(1150, '2023-05-19 10:23:00', 1.7, 1, 169, 23, 36),
(1151, '2023-05-19 12:59:59', 0.8, 1, 177, 20, 28),
(1152, '2023-05-19 13:03:26', 0.5, 1, 180, 20, 50),
(1153, '2023-05-19 13:04:27', 1.7, 1, 180, 20, 35),
(1154, '2023-05-19 13:11:16', 1.1, 1, 154, 20, 10),
(1155, '2023-05-19 13:44:04', 0.45, 1, 166, 20, 2),
(1156, '2023-05-19 13:44:04', 0.6, 1, 166, 20, 29),
(1157, '2023-05-19 13:46:37', 0.8, 1, 169, 20, 28),
(1158, '2023-05-22 06:58:59', 1.7, 1, 175, 23, 35),
(1159, '2023-05-22 08:00:35', 0.6, 1, 166, 23, 29),
(1160, '2023-05-22 11:56:24', 0.8, 3, 154, 23, 28),
(1161, '2023-05-22 11:56:24', 1.7, 1, 154, 23, 36),
(1162, '2023-05-22 12:16:05', 0.8, 1, 166, 23, 28),
(1163, '2023-05-22 12:16:05', 0.8, 1, 166, 23, 126),
(1164, '2023-05-22 12:53:19', 0.8, 1, 160, 23, 13),
(1165, '2023-05-22 14:04:38', 0.8, 1, 180, 20, 28),
(1166, '2023-05-22 14:04:38', 1.7, 1, 180, 20, 36),
(1167, '2023-05-23 06:56:31', 0.6, 1, 166, 23, 29),
(1168, '2023-05-23 09:36:32', 1.7, 1, 154, 23, 36),
(1169, '2023-05-23 10:28:18', 1.1, 1, 166, 23, 10),
(1170, '2023-05-23 12:05:53', 1, 1, 176, 20, 28),
(1171, '2023-05-23 12:06:31', 1, 1, 176, 20, 28),
(1172, '2023-05-23 12:21:04', 0.6, 1, 159, 20, 56),
(1173, '2023-05-23 12:21:25', 1.7, 1, 154, 20, 36),
(1174, '2023-05-23 12:30:18', 0.5, 1, 163, 20, 6),
(1175, '2023-05-23 12:31:23', 1.1, 1, 166, 20, 10),
(1176, '2023-05-23 14:37:20', 0.6, 1, 166, 23, 29),
(1177, '2023-05-23 14:39:38', 0.6, 2, 160, 23, 29),
(1178, '2023-05-23 14:41:48', 0.6, 1, 159, 23, 56),
(1179, '2023-05-24 07:00:35', 1.7, 1, 175, 23, 35),
(1180, '2023-05-24 07:25:40', 0.8, 1, 180, 23, 28),
(1181, '2023-05-24 07:25:40', 1.7, 1, 180, 23, 36),
(1182, '2023-05-24 07:29:14', 1.7, 1, 154, 23, 36),
(1183, '2023-05-24 08:46:45', 0.8, 1, 160, 23, 13),
(1184, '2023-05-24 08:48:47', 0.8, 1, 166, 23, 126),
(1185, '2023-05-24 09:00:06', 0.8, 1, 154, 23, 28),
(1186, '2023-05-24 09:00:06', 1.7, 1, 154, 23, 36),
(1187, '2023-05-24 10:22:23', 1.7, 1, 159, 29, 36),
(1188, '2023-05-24 10:55:45', 1.7, 1, 36, 29, 35),
(1189, '2023-05-24 10:59:16', 1.8, 1, 36, 29, 53),
(1190, '2023-05-24 14:06:09', 1.7, 1, 175, 23, 35),
(1191, '2023-05-24 14:07:03', 0.6, 1, 169, 23, 29),
(1192, '2023-05-24 14:15:46', 0.8, 1, 154, 23, 9),
(1193, '2023-05-24 14:25:43', 0.8, 2, 176, 23, 29),
(1194, '2023-05-25 08:19:44', 0.6, 1, 159, 29, 56),
(1195, '2023-05-25 08:29:39', 0.8, 1, 180, 29, 28),
(1196, '2023-05-25 08:29:39', 1.7, 1, 180, 29, 36),
(1197, '2023-05-25 08:43:34', 1.7, 1, 5, 29, 35),
(1198, '2023-05-25 08:43:34', 1.7, 1, 5, 29, 36),
(1199, '2023-05-25 08:43:53', 1.7, 1, 169, 29, 36),
(1200, '2023-05-25 08:54:40', 0.5, 1, 162, 29, 6),
(1201, '2023-05-25 08:54:40', 1.6, 1, 162, 29, 139),
(1202, '2023-05-25 09:19:15', 1.7, 1, 154, 29, 35),
(1203, '2023-05-25 11:34:20', 1.7, 1, 175, 23, 35),
(1204, '2023-05-25 11:34:32', 1.7, 1, 5, 23, 35),
(1205, '2023-05-25 11:34:47', 0.8, 1, 160, 23, 13),
(1206, '2023-05-25 13:36:04', 1.7, 1, 154, 20, 35),
(1207, '2023-05-25 13:36:04', 0.6, 3, 154, 20, 56),
(1208, '2023-05-25 14:51:17', 0.6, 1, 175, 23, 29),
(1209, '2023-05-25 14:51:17', 1.7, 1, 175, 23, 35),
(1210, '2023-05-25 14:52:26', 1.7, 1, 27, 23, 35),
(1211, '2023-05-25 14:55:02', 0.5, 1, 22, 23, 6),
(1212, '2023-05-25 14:55:11', 0.6, 1, 22, 23, 29),
(1213, '2023-05-25 15:04:44', 0.8, 2, 166, 23, 28),
(1214, '2023-05-26 10:28:00', 1.1, 2, 24, 29, 10),
(1215, '2023-05-26 10:43:19', 0.8, 1, 180, 29, 28),
(1216, '2023-05-26 10:43:19', 0.7, 1, 180, 29, 142),
(1217, '2023-05-26 11:46:02', 1.7, 1, 154, 29, 35),
(1218, '2023-05-26 12:14:55', 0.8, 1, 166, 29, 126),
(1219, '2023-05-26 12:48:08', 0.6, 1, 180, 29, 56),
(1220, '2023-05-26 12:48:08', 0.7, 1, 180, 29, 142),
(1221, '2023-05-26 13:04:51', 1.1, 1, 155, 29, 83),
(1222, '2023-05-26 13:37:09', 0.6, 1, 166, 29, 29),
(1223, '2023-05-26 13:42:40', 1.7, 1, 154, 29, 35),
(1224, '2023-05-26 13:42:56', 1.7, 1, 175, 29, 35),
(1225, '2023-05-26 14:06:03', 0.8, 1, 160, 23, 99),
(1226, '2023-05-26 14:59:11', 0.6, 1, 159, 23, 56),
(1227, '2023-05-26 15:51:52', 0.8, 1, 180, 20, 28),
(1228, '2023-05-26 15:51:52', 1.7, 1, 180, 20, 35),
(1229, '2023-05-26 15:51:52', 0.6, 1, 180, 20, 56),
(1230, '2023-05-30 07:07:09', 1.7, 1, 154, 23, 35),
(1231, '2023-05-30 07:07:09', 0.6, 2, 154, 23, 56),
(1232, '2023-05-30 07:07:34', 1.7, 1, 175, 23, 35),
(1233, '2023-05-30 07:08:01', 0.6, 2, 160, 23, 56),
(1234, '2023-05-30 07:08:18', 0.5, 1, 180, 23, 24),
(1235, '2023-05-30 07:08:24', 0.6, 1, 180, 23, 56),
(1236, '2023-05-30 11:33:11', 1.7, 1, 175, 20, 35),
(1237, '2023-05-30 11:33:11', 0.6, 1, 175, 20, 56),
(1238, '2023-05-30 13:51:00', 0.8, 1, 180, 29, 28),
(1239, '2023-05-30 15:30:22', 1.7, 1, 180, 20, 35),
(1240, '2023-05-31 07:25:16', 0.6, 1, 159, 29, 56),
(1241, '2023-05-31 07:30:31', 1.7, 1, 27, 29, 35),
(1242, '2023-05-31 08:42:30', 0.8, 1, 180, 20, 28),
(1243, '2023-05-31 08:44:57', 0.6, 1, 163, 20, 32),
(1244, '2023-05-31 14:21:09', 1.7, 1, 180, 20, 35),
(1245, '2023-05-31 15:16:55', 0.6, 1, 180, 20, 56),
(1246, '2023-06-01 11:00:04', 1.7, 2, 5, 23, 35),
(1247, '2023-06-01 14:04:15', 1.7, 1, 154, 20, 35),
(1248, '2023-06-01 14:05:15', 1.7, 1, 180, 20, 35),
(1249, '2023-06-01 14:05:28', 0.8, 1, 160, 20, 99),
(1250, '2023-06-01 14:09:22', 0.8, 1, 180, 20, 74),
(1251, '2023-06-01 14:22:12', 0.4, 1, 169, 20, 25),
(1252, '2023-06-02 06:18:39', 0.6, 1, 159, 29, 56),
(1253, '2023-06-02 07:04:59', 1.1, 1, 154, 29, 10),
(1254, '2023-06-02 09:33:01', 0.4, 1, 169, 23, 25),
(1255, '2023-06-02 11:08:57', 1.1, 1, 154, 23, 10),
(1256, '2023-06-02 11:10:36', 1.1, 1, 24, 23, 10),
(1257, '2023-06-02 12:10:12', 0.8, 1, 180, 20, 74),
(1258, '2023-06-05 06:49:49', 0.4, 1, 169, 23, 25),
(1259, '2023-06-05 06:53:33', 1.1, 1, 154, 23, 10),
(1260, '2023-06-05 06:53:33', 0.6, 3, 154, 23, 56),
(1261, '2023-06-05 10:33:16', 1.1, 1, 24, 23, 10),
(1262, '2023-06-05 10:33:16', 0.6, 1, 24, 23, 56),
(1263, '2023-06-05 10:41:27', 0.6, 1, 180, 23, 29),
(1264, '2023-06-05 10:41:27', 0.8, 1, 180, 23, 74),
(1265, '2023-06-05 12:02:13', 0.8, 1, 163, 23, 126),
(1266, '2023-06-05 12:02:49', 0.8, 1, 166, 23, 126),
(1267, '2023-06-05 12:25:53', 0.8, 1, 160, 23, 99),
(1268, '2023-06-05 15:06:33', 0.8, 1, 160, 20, 132),
(1269, '2023-06-05 15:23:19', 0.8, 1, 160, 20, 13),
(1270, '2023-06-05 15:59:32', 0.8, 1, 180, 20, 13),
(1271, '2023-06-06 07:01:15', 1, 1, 175, 29, 11),
(1272, '2023-06-06 07:02:49', 0.8, 2, 160, 29, 13),
(1273, '2023-06-06 07:03:13', 0.8, 1, 159, 29, 13),
(1274, '2023-06-06 07:16:33', 0.6, 1, 163, 29, 29),
(1275, '2023-06-06 09:03:14', 0.8, 1, 180, 20, 126),
(1276, '2023-06-06 10:43:23', 1.1, 1, 154, 23, 10),
(1277, '2023-06-06 11:30:15', 1, 1, 175, 23, 11),
(1278, '2023-06-06 11:30:15', 0.8, 1, 175, 23, 13),
(1279, '2023-06-06 11:30:15', 0.6, 1, 175, 23, 29),
(1280, '2023-06-06 12:54:34', 0.8, 1, 131, 23, 29),
(1281, '2023-06-06 12:54:56', 0.8, 1, 131, 23, 29),
(1282, '2023-06-06 12:55:44', 0.7, 1, 131, 23, 6),
(1283, '2023-06-07 07:48:53', 1.8, 1, 131, 29, 139),
(1284, '2023-06-07 07:57:30', 0.7, 1, 131, 29, 80),
(1285, '2023-06-07 08:18:50', 0.5, 1, 162, 29, 80),
(1286, '2023-06-07 08:32:15', 0.8, 1, 180, 20, 126),
(1287, '2023-06-07 10:19:31', 1.1, 1, 24, 23, 10),
(1288, '2023-06-07 13:34:47', 0.5, 3, 162, 23, 80),
(1289, '2023-06-07 13:57:30', 1.6, 1, 162, 23, 139),
(1290, '2023-06-07 13:58:04', 0.4, 1, 169, 23, 140),
(1291, '2023-06-08 07:00:03', 1.1, 1, 175, 20, 10),
(1292, '2023-06-08 07:00:03', 0.6, 1, 175, 20, 29),
(1293, '2023-06-08 07:16:48', 0.5, 1, 166, 20, 80),
(1294, '2023-06-08 07:16:48', 0.4, 1, 166, 20, 140),
(1295, '2023-06-08 09:14:34', 1.1, 1, 154, 29, 10),
(1296, '2023-06-08 09:14:34', 0.6, 3, 154, 29, 29),
(1297, '2023-06-08 12:26:53', 0.5, 1, 166, 23, 80),
(1298, '2023-06-08 12:36:13', 0.8, 1, 180, 23, 126),
(1299, '2023-06-08 12:38:56', 0.5, 1, 162, 23, 80),
(1300, '2023-06-08 12:51:49', 0.8, 2, 176, 23, 29),
(1301, '2023-06-08 12:51:49', 0.9, 1, 176, 23, 126),
(1302, '2023-06-08 12:56:06', 0.5, 1, 166, 23, 80),
(1303, '2023-06-08 13:00:05', 1, 1, 175, 23, 11),
(1304, '2023-06-08 15:36:53', 0.6, 1, 180, 20, 29),
(1305, '2023-06-12 11:09:09', 0.8, 1, 160, 23, 13),
(1306, '2023-06-12 12:59:32', 0.6, 3, 154, 23, 29),
(1307, '2023-06-12 13:42:22', 1.1, 1, 166, 23, 10),
(1308, '2023-06-12 13:43:15', 0.8, 1, 160, 23, 13),
(1309, '2023-06-12 14:02:23', 0.8, 1, 31, 23, 130),
(1310, '2023-06-12 15:11:52', 0.8, 1, 180, 20, 126),
(1311, '2023-06-12 16:08:04', 0.4, 1, 180, 20, 140),
(1312, '2023-06-12 16:08:22', 0.4, 1, 180, 20, 140),
(1313, '2023-06-13 11:29:14', 1.1, 1, 154, 23, 10),
(1314, '2023-06-13 12:11:58', 0.8, 1, 160, 23, 13),
(1315, '2023-06-13 13:04:00', 0.4, 1, 168, 23, 140),
(1316, '2023-06-13 13:04:55', 0.4, 1, 180, 23, 140),
(1317, '2023-06-13 13:05:06', 0.4, 1, 169, 23, 140),
(1318, '2023-06-13 13:08:11', 0.8, 1, 180, 23, 126),
(1319, '2023-06-13 13:08:51', 0.8, 1, 169, 23, 126),
(1320, '2023-06-13 13:31:34', 0.8, 1, 168, 23, 13),
(1321, '2023-06-13 14:18:58', 0.5, 1, 34, 2, 80),
(1322, '2023-06-13 14:24:38', 1.6, 2, 34, 2, 139),
(1323, '2023-06-13 14:39:44', 1.1, 1, 154, 2, 10),
(1324, '2023-06-13 14:44:08', 0.8, 1, 160, 2, 13),
(1325, '2023-06-13 16:07:10', 0.5, 1, 54, 23, 131),
(1326, '2023-06-14 08:48:09', 1.1, 1, 154, 23, 10),
(1327, '2023-06-14 08:52:03', 0.4, 1, 40, 23, 25),
(1328, '2023-06-14 08:53:16', 0.4, 1, 169, 23, 25),
(1329, '2023-06-14 09:19:53', 0.7, 1, 176, 23, 80),
(1330, '2023-06-15 07:12:05', 0.5, 1, 162, 23, 80),
(1331, '2023-06-15 08:28:05', 0.5, 1, 34, 23, 131),
(1332, '2023-06-15 08:28:16', 0.8, 1, 160, 23, 13),
(1333, '2023-06-15 09:26:58', 1.1, 1, 154, 23, 10),
(1334, '2023-06-15 09:29:31', 1.1, 1, 154, 23, 10),
(1335, '2023-06-15 11:25:30', 0.4, 1, 169, 23, 25),
(1336, '2023-06-15 11:27:04', 0.8, 1, 180, 23, 13),
(1337, '2023-06-15 13:48:41', 1, 1, 175, 23, 11),
(1338, '2023-06-15 14:03:39', 0.8, 1, 160, 23, 13),
(1339, '2023-06-15 14:33:19', 1.1, 1, 154, 23, 10),
(1340, '2023-06-15 15:33:58', 0.8, 1, 160, 23, 13),
(1341, '2023-06-15 15:52:08', 1, 2, 175, 23, 11),
(1342, '2023-06-16 06:22:41', 0.5, 1, 159, 29, 80),
(1343, '2023-06-16 06:50:49', 1.1, 1, 154, 29, 10),
(1344, '2023-06-16 07:31:03', 0.8, 1, 160, 23, 13);

-- --------------------------------------------------------

--
-- Structure de la table `clients`
--

CREATE TABLE `clients` (
  `id` int(11) NOT NULL,
  `name` varchar(255) NOT NULL,
  `solde` double NOT NULL,
  `fin_adhesion` datetime NOT NULL,
  `actif` tinyint(1) NOT NULL
) ENGINE=InnoDB DEFAULT CHARSET=latin1 COLLATE=latin1_swedish_ci;

--
-- Déchargement des données de la table `clients`
--

INSERT INTO `clients` (`id`, `name`, `solde`, `fin_adhesion`, `actif`) VALUES
(1, 'Peter Jarquis', 0.1, '1970-01-01 00:00:00', 0),
(2, 'Axel Miotte', 0, '2022-09-07 00:00:00', 0),
(3, 'Mathias Trognot', 0, '2022-09-06 00:00:00', 0),
(4, 'Argjentin Korbi', 0, '1970-01-01 00:00:00', 0),
(5, 'Léo Hugonnot', 0, '2023-09-15 00:00:00', 0),
(6, 'Simon Graber', 0.7, '2022-09-06 00:00:00', 0),
(7, 'Nathan Blind Heitz', 0.6, '2022-03-22 00:00:00', 0),
(8, 'Loann Lagarde', 0, '2023-09-20 00:00:00', 0),
(9, 'Samuel Planchon', 1.3, '1970-01-01 00:00:00', 0),
(10, 'Léo Carrez', 0, '1970-01-01 00:00:00', 0),
(11, 'Tanguy Gackel', 3.95, '2022-03-10 00:00:00', 0),
(12, 'Vassily Delmas', 5, '1970-01-01 00:00:00', 0),
(13, 'William Bernhard ', 0.5, '2022-03-07 00:00:00', 0),
(14, 'Rayan Alduini', 0, '1970-01-01 00:00:00', 0),
(15, 'Aurélien Guillou', 0.15, '2022-11-16 00:00:00', 0),
(16, 'Thibaut Magnin', 0, '2022-11-24 00:00:00', 0),
(17, 'Jules Delers', 0.1, '2022-09-09 00:00:00', 0),
(18, 'Baptiste Barcon', 0.2, '1970-01-01 00:00:00', 0),
(19, 'Émile Batkowski', 0, '2022-03-25 00:00:00', 0),
(20, 'Maxime Hennquin', 1.3, '1970-01-01 00:00:00', 0),
(21, 'Arthur Dubois', 0, '1970-01-01 00:00:00', 0),
(22, 'Jarod Kohler', 0.29999999999999927, '2023-09-19 00:00:00', 0),
(23, 'Antoine Vine', 0, '1970-01-01 00:00:00', 0),
(24, 'Dorian Lacreuse', -2.220446049250313e-16, '2023-09-19 00:00:00', 0),
(25, 'Félix Riat', 0.6499999999999999, '2023-09-18 00:00:00', 0),
(26, 'Alexis Vilmard', 0, '2022-09-06 00:00:00', 0),
(27, 'Philippe Faisandier', -8.881784197001252e-16, '2023-09-02 00:00:00', 0),
(28, 'Simon Nicod', 0, '2022-09-09 00:00:00', 0),
(29, 'Alexis Sely', 0, '2022-09-09 00:00:00', 0),
(30, 'Kaisar Arkhan', 3, '1970-01-01 00:00:00', 0),
(31, 'Gabin Blondieau', 2.8099999999999996, '2023-07-05 00:00:00', 0),
(32, 'Arnaud Chevalme', -11.299999999999999, '2023-09-07 00:00:00', 0),
(33, 'Justin Villerot', 0.10000000000000009, '2024-01-16 00:00:00', 0),
(34, 'Thomas Becher', 252.48000000000008, '2023-09-18 00:00:00', 0),
(35, 'Valentin Munch', 0.11999999999999988, '2023-07-16 00:00:00', 0),
(36, 'Lucas Dubol', 0, '2024-03-07 00:00:00', 0),
(37, 'Adrien Le Gousse', -1, '2022-09-17 00:00:00', 0),
(38, 'Taha Moumen', -2.3, '2023-09-05 00:00:00', 0),
(39, 'Robin Lanchec', 0, '2023-03-19 00:00:00', 0),
(40, 'Lucas Ferry', 0, '2023-09-18 00:00:00', 0),
(41, 'Antoine Lachat', -6.199999999999999, '2023-04-06 00:00:00', 0),
(42, 'Nathan Valenne', 4.05, '2023-09-29 00:00:00', 0),
(43, 'Princesse Touillette Sensuelle', 0.15999999999999925, '2023-12-13 00:00:00', 0),
(44, 'Julien Moursely', 0.15, '1970-01-01 00:00:00', 0),
(45, 'Maxence Paulin', 0, '1970-01-01 00:00:00', 0),
(46, 'CELNT', 0, '1970-01-01 00:00:00', 0),
(47, 'Samson Dupuy', -8.881784197001252e-16, '2023-09-02 00:00:00', 0),
(48, 'Rayan Oudbib', 0.2, '1970-01-01 00:00:00', 0),
(49, 'Elias Bahloul', 0.1, '1970-01-01 00:00:00', 0),
(50, 'Léo Burnichon', 0, '1970-01-01 00:00:00', 0),
(51, 'Yohann Marchand', 0, '1970-01-01 00:00:00', 0),
(52, 'Paul WUST', 0, '1970-01-01 00:00:00', 0),
(53, 'Friedelance Raphael', 0.07, '2023-03-29 00:00:00', 0),
(54, 'Turchetto Mael', 0, '2023-09-02 00:00:00', 0),
(55, 'DalGobbo Théo', 0, '2023-03-29 00:00:00', 0),
(56, 'Dockwiller Lucas', 0, '2023-03-29 00:00:00', 0),
(57, 'Parme Simon', 0, '2023-03-29 00:00:00', 0),
(58, 'Maffiolini Paul', 0.2, '1970-01-01 00:00:00', 0),
(59, 'Lilian Schott', 0, '2023-09-02 00:00:00', 0),
(60, 'Meister Nicolas', 0.1500000000000027, '2023-03-30 00:00:00', 0),
(61, 'Thibault Lebreuil', -8.881784197001252e-16, '2023-11-29 00:00:00', 0),
(62, 'Lucas Lehmann', 3.5999999999999983, '2023-03-30 00:00:00', 0),
(63, 'Julien Merveaux', -2.636779683484747e-16, '2023-03-28 00:00:00', 0),
(64, 'Bolmont Hugo', 0.05000000000000049, '2023-09-05 00:00:00', 0),
(65, 'Eline Pelardy', 0.11, '2023-11-07 00:00:00', 0),
(66, 'Matheo Bebou <3', -0.4999999999999999, '2023-03-31 00:00:00', 0),
(67, 'Gaetan Jobst', 0.10000000000000009, '1970-01-01 00:00:00', 0),
(68, 'Lena abel', -0.4, '1970-01-01 00:00:00', 0),
(69, 'Raphael Dany', 20.450000000000006, '2023-09-18 00:00:00', 0),
(70, 'Luc Garcia', 0, '1970-01-01 00:00:00', 0),
(71, 'Lisa linard', 0, '1970-01-01 00:00:00', 0),
(128, 'David Mounier', 0.05, '1970-01-01 00:00:00', 0),
(130, 'Devaux Elio', 0, '1970-01-01 00:00:00', 0),
(131, 'Vincent Clenet', 0.04999999999999982, '2023-03-06 00:00:00', 0),
(132, 'Jerome Hildenbrand', 0, '1970-01-01 00:00:00', 0),
(133, 'Aliouan Darris', 0, '1970-01-01 00:00:00', 0),
(134, 'Baidar Chemseddino', 0, '1970-01-01 00:00:00', 0),
(135, 'Micheneau Pierre', 0, '1970-01-01 00:00:00', 0),
(136, 'Cordier Alois', 0, '1970-01-01 00:00:00', 0),
(137, 'Daher Gaetan', 0, '1970-01-01 00:00:00', 0),
(138, 'Menigoz Baptiste', 0, '1970-01-01 00:00:00', 0),
(140, 'Geraldes Fabien', 0.05, '1970-01-01 00:00:00', 0),
(141, 'Giraud Thomas', 1.15, '2023-03-07 00:00:00', 0),
(142, 'Antoine Marchand', 0, '1970-01-01 00:00:00', 0),
(144, 'Mougenot Valentin', 0, '1970-01-01 00:00:00', 0),
(145, 'Oudini Zinedine', 1.35, '2023-04-18 00:00:00', 0),
(146, 'Hugo lefort', 0, '1970-01-01 00:00:00', 0),
(147, 'Nicolas Basquin', 0, '2023-03-05 00:00:00', 0),
(148, 'Patricia Py', 0, '1970-01-01 00:00:00', 0),
(149, 'Ba Sidi', 0, '1970-01-01 00:00:00', 0),
(150, 'Edouard Stamboulian', 0, '1970-01-01 00:00:00', 0),
(151, 'Vaillon Sofiane', 0.7, '1970-01-01 00:00:00', 0),
(152, 'Bouhedda Bilel', 0.2, '1970-01-01 00:00:00', 0),
(153, 'Cassard Robin', -0.8, '2023-02-01 00:00:00', 0),
(154, 'Taboada Noé', -0.0000000000000019984014443252818, '2023-08-02 00:00:00', 0),
(155, 'Vieux-Merchior Victor', 0, '2023-09-05 00:00:00', 0),
(156, 'Joué Axel', 2.85, '2023-02-01 00:00:00', 0),
(157, 'Boschi Nathan', 0.1, '2023-02-01 00:00:00', 0),
(158, 'Bocquet Romain', 0.1, '2023-02-01 00:00:00', 0),
(159, 'Ambre Majourel', -21.60000000000001, '2023-09-09 00:00:00', 0),
(160, 'Titouan Therezien', 0.19999999999998974, '2023-09-05 00:00:00', 0),
(161, 'Freymont Remi', 0.15000000000000002, '2023-09-06 00:00:00', 0),
(162, 'Gury Toinot', 1, '2023-09-05 00:00:00', 0),
(163, 'Nezzar Dalia', 1.35, '2023-09-05 00:00:00', 0),
(165, 'Timon Dubreuil', 0, '2023-09-05 00:00:00', 0),
(166, 'Helbaj Auban', -20.4, '2023-09-18 00:00:00', 0),
(167, 'Théo Baumont', 0, '1970-01-01 00:00:00', 0),
(168, 'Foulon Etienne Hugo', -20.76, '2023-09-08 00:00:00', 0),
(169, 'Bellicaud Enzo', 0.049999999999999954, '2023-09-19 00:00:00', 0),
(170, 'BERREHAIL Adam', 0.25, '2023-09-06 00:00:00', 0),
(171, 'Taskin Semih', 0.2, '1970-01-01 00:00:00', 0),
(172, 'Siouan Tom', 0, '2023-09-07 00:00:00', 0),
(173, 'BONNIN Simon', 3.15, '2023-09-19 00:00:00', 0),
(174, 'BITAR Johann', 2.46, '2023-09-07 00:00:00', 0),
(175, 'Otto HAJDU', 4.300000000000001, '2023-09-06 23:00:00', 0),
(176, 'Tajani Ayoub', -0.7, '2023-03-18 00:00:00', 0),
(177, 'Mame Diarra Thiam', -0.7500000000000002, '2023-09-07 00:00:00', 0),
(178, 'Manon Grandmougin', 5.85, '2023-09-07 00:00:00', 0),
(179, 'Ladel Amine', 0, '1970-01-01 00:00:00', 0),
(180, 'Calixte Reymond', -4.800000000000007, '2023-09-08 00:00:00', 0),
(181, 'Sefa Tas', 0, '2023-03-18 00:00:00', 0),
(182, 'Picot Nicolas', 0.1, '2023-09-12 00:00:00', 0),
(183, 'Nassim SADIKKI', 0, '1970-01-01 00:00:00', 0),
(184, 'Benjamin BERKROUBER', -12.149999999999999, '2024-03-17 00:00:00', 0),
(185, 'Gaelle BOURDOIS-RISSE', 0, '1970-01-01 00:00:00', 0),
(186, 'Quentin Dureux', 0.09999999999999998, '1970-01-01 00:00:00', 0),
(187, 'Ryan Alduini', 0, '1970-01-01 00:00:00', 0),
(188, 'lili', 0, '1970-01-01 00:00:00', 0),
(189, 'Bentekhici Noham', 0, '1970-01-01 00:00:00', 0),
(190, 'Billal Salmi', 0, '1970-01-01 00:00:00', 0),
(191, 'MECHROUBI M\'HAMMED', 0.4, '1970-01-01 00:00:00', 0),
(192, 'Marco Poilbois', 0.3, '1970-01-01 00:00:00', 0),
(193, 'Quentin Sauner', 0, '1970-01-01 00:00:00', 0),
(194, 'Jean Louis Schott', 0, '1970-01-01 00:00:00', 0),
(195, 'Mbizzi Charlène', 0, '1970-01-01 00:00:00', 0),
(196, 'Asim Sak', 0, '1970-01-01 00:00:00', 0),
(197, 'Thomas Chevalier', 0, '2023-10-06 00:00:00', 0),
(198, 'Meyer Romain', 0, '1970-01-01 00:00:00', 0),
(199, 'Stévann Camozzi', 0, '1970-01-01 00:00:00', 0),
(200, 'Titouan Magnin', -0.15, '2024-01-10 00:00:00', 0),
(201, 'Rahimli Huseyn', -2.6, '1970-01-01 00:00:00', 0),
(202, 'Samy Elamri', 0, '1970-01-01 00:00:00', 0),
(203, 'SCH Alban', 4, '1970-01-01 00:00:00', 0),
(204, 'Smain Ait boukrim', 0, '1970-01-01 00:00:00', 0),
(205, 'Mathis Courvoisier', 0, '2023-10-21 00:00:00', 0),
(206, 'Shakir Laabany', 0, '2023-04-24 00:00:00', 0),
(207, 'Jeremy ROY', 0, '1970-01-01 00:00:00', 0),
(208, 'Colin Cedric', 0, '1970-01-01 00:00:00', 0),
(209, 'elias calouc', 0, '1970-01-01 00:00:00', 0),
(210, 'matthieu PETERSCHMITT', 0, '1970-01-01 00:00:00', 0),
(211, 'Blanchet Paul', -0.5, '1970-01-01 00:00:00', 0),
(212, 'Corrine Paterlini', 0, '1970-01-01 00:00:00', 0),
(213, 'Moubtsaine Jalal', 0, '1970-01-01 00:00:00', 0),
(214, 'Mougin Léo', 0, '1970-01-01 00:00:00', 0),
(215, 'Youness Lattafi', -2.1, '1970-01-01 00:00:00', 0),
(216, 'Lena Lebouquin', 2.81, '1970-01-01 00:00:00', 0),
(217, 'Joris Pujol', -2.1, '2023-05-16 00:00:00', 0),
(218, 'Anonyme', 0, '1970-01-01 00:00:00', 0),
(219, 'Emma Lorenzi', 0, '1970-01-01 00:00:00', 0),
(220, 'Garance Morel', 5, '1970-01-01 00:00:00', 0),
(221, 'Messaline Beaudru', 0, '1970-01-01 00:00:00', 0),
(222, 'Freudenberger Vincent', 0, '1970-01-01 00:00:00', 0),
(223, 'Shrek patate', 0, '1970-01-01 00:00:00', 0),
(224, 'patate shrek', 0, '1970-01-01 00:00:00', 0),
(225, 'théo vieville', 0, '1970-01-01 00:00:00', 0),
(226, 'Jerome Hil', 0, '1970-01-01 00:00:00', 0),
(227, 'Jeannenet Manon', 0, '1970-01-01 00:00:00', 0),
(228, 'Titouan Nicot', 0, '1970-01-01 00:00:00', 0),
(229, 'Pasquier Hugo', 0, '1970-01-01 00:00:00', 0),
(230, 'Tristan Unger', 0, '1970-01-01 00:00:00', 0),
(231, '160', 0, '1970-01-01 00:00:00', 0),
(232, '47', 0, '1970-01-01 00:00:00', 0),
(233, 'ayoub', 0, '1970-01-01 00:00:00', 0),
(234, 'ClientTest', -0.09999999999999987, '2004-06-27 22:00:00', 1);

-- --------------------------------------------------------

--
-- Structure de la table `produits`
--

CREATE TABLE `produits` (
  `id` int(11) NOT NULL,
  `name` varchar(255) NOT NULL,
  `prix_adherent` double NOT NULL,
  `prix_non_adherent` double NOT NULL,
  `stock` int(11) NOT NULL,
  `image` varchar(255) DEFAULT NULL,
  `hidden` tinyint(1) NOT NULL,
  `barcode` varchar(255) DEFAULT NULL,
  `prix_achat` double DEFAULT NULL,
  `type_produit_id` int(11) DEFAULT NULL
) ENGINE=InnoDB DEFAULT CHARSET=latin1 COLLATE=latin1_swedish_ci;

--
-- Déchargement des données de la table `produits`
--

INSERT INTO `produits` (`id`, `name`, `prix_adherent`, `prix_non_adherent`, `stock`, `image`, `hidden`, `barcode`, `prix_achat`, `type_produit_id`) VALUES
(1, 'Croissant', 0.4, 0.6, 0, '2_croissants.jpg', 1, '', 0.24, 2),
(2, 'B-ready', 0.45, 0.6, 0, 'https://www.nutella.com/fr/sites/nutella20_fr/files/2022-07/nutella_b-ready-t1_v1-versione-no-gda.png?t=1675765845', 0, '', 0.32, 2),
(3, 'Barres céréales granola', 0.35, 0.5, 0, 'barres_cereales_granola.jpg', 1, '', 0, 2),
(4, 'Café', 0.35, 0.55, 21, 'https://file1.topsante.com/var/topsante/storage/images/1/3/1/5/1315592/cafe.jpg?alias=exact540x405_l&size=x100&format=jpeg', 0, '', 0, 1),
(5, 'Cappucino', 0.25, 0.45, 0, 'cappucino.jpg', 1, '', 0, 1),
(6, 'Capri-sun', 0.5, 0.7, 0, 'https://ethnicmarket91.fr/wp-content/uploads/2020/11/capri-sun-multivitamine-poche-20cl-la-boite-de-10.jpeg', 0, '', 0.41, 1),
(7, 'Chips', 0.5, 0.8, 0, 'https://www.stokhall.com/pub/media/catalog/product/cache/1e9c60583912350df38098713575a187/l/a/lays_chips_barbecue_145g_centrale_ethnique.jpg', 0, '', 0.38, 2),
(8, 'Chocolat Chaud', 0.5, 0.7, 52, 'https://www.lavieclaire.com/wp-content/uploads/2019/12/chocolat-chaud-viennois.jpg', 0, '', 0, 1),
(9, 'Coca Cherry Cannette', 0.8, 1, 0, 'https://i0.wp.com/commechezmams.fr/wp-content/uploads/2022/09/coca-cherry.webp', 0, '', 0.7, 1),
(10, 'Coca Cherry Bouteille', 1.1, 1.3, 12, 'https://www.clicmarket.fr/3515-large_default/12-bouteilles-de-coca-cola-cherry-12-x-50-cl.jpg', 0, '', 0, 1),
(11, 'Coca Cola Bouteille', 1, 1.2, 14, 'https://i0.wp.com/1860lepalais.fr/wp-content/uploads/2021/01/coca-cola-50cl-click-and-collect-restaurant-marseille.png?fit=800%2C800&ssl=1', 0, '', 0, 1),
(12, 'Coca zero bouteille', 1, 1.2, 0, 'coca_zero_bouteille.jpg', 1, '', 0, 1),
(13, 'Coca-Cola', 0.8, 1, 58, 'https://i0.wp.com/commechezmams.fr/wp-content/uploads/2021/01/COCA-33cl.jpg?fit=800%2C800&ssl=1', 0, '', 0, 1),
(14, 'Confiture', 0.1, 0.2, 0, 'confiture.jpg', 1, '', 0, 3),
(15, 'Crème de Chataigne', 0.1, 0.2, 0, 'creme_de_chataigne.jpg', 1, '', 0, 3),
(16, 'Dragibus', 0.5, 0.8, 0, 'dragibus.jpg', 1, '', 0, 2),
(17, 'Fanta canette', 0.8, 1, 9, 'https://halalfs.com/2115-large_default/fanta-orange-24-x-33-cl.jpg', 0, '', 0.45, 1),
(18, 'Gaches', 0.4, 0.5, 0, 'gaches.jpg', 1, '', 0, 2),
(19, 'Gauffres', 0.4, 0.6, 0, 'gauffres.jpg', 1, '', 0.3, 2),
(20, 'Gauffres Choco', 0.55, 0.75, 0, 'https://img.cuisineaz.com/660x660/2021/03/19/i167938-gaufre-liegeoise-au-chocolat.jpeg', 0, '', 0.35, 2),
(21, 'Ice Tea Canette', 0.8, 1, 0, 'https://i0.wp.com/commechezmams.fr/wp-content/uploads/2021/01/ICE-TEA-33.jpg?fit=2000%2C2000&ssl=1', 0, '', 0, 1),
(22, 'Ice-Tea Bouteille', 1, 1.2, 0, 'ice_tea_bouteille.jpg', 1, '', 0.94, 1),
(23, 'Infusion', 0.2, 0.3, 0, 'infusion.jpg', 1, '', 0, 1),
(24, 'Jus d\'orange', 0.5, 0.7, 0, 'https://proxi-haironville.fr/1388-large_default/jus-d-orange.jpg', 0, '', 0.25, 1),
(25, 'Jus de pomme', 0.4, 0.6, 13, 'https://fr.openfoodfacts.org/images/products/325/622/302/8391/front_fr.42.full.jpg', 0, '', 0.21, 1),
(26, 'Kinder Bueno White', 0.85, 1.05, 0, 'https://www.valgourmand.com/31694-superlarge_default/kinder-bueno-white.webp', 0, '', 0.61, 2),
(27, 'Kinder Bueno', 0.85, 1.05, 0, 'https://boutique.sofratel.fr/provins/wp-content/uploads/sites/28/2021/12/kinderbueno.jpg', 0, '', 0.58, 2),
(28, 'Kinder Country x 2', 0.8, 1, 0, 'https://i.pinimg.com/originals/43/8e/63/438e6339d0e2692f882c49806413d98e.jpg', 0, '', 0, 2),
(29, 'Kit Kat', 0.6, 0.8, 2, 'kit_kat.jpg', 0, '', 0.33, 2),
(30, 'M&M\'s', 0.45, 0.55, 0, 'm&ms.jpg', 1, '', 0, 2),
(31, 'Madeleine', 0.4, 0.5, 0, 'madeleine.jpg', 1, '', 0, 2),
(32, 'Mars', 0.6, 0.8, 0, 'https://cafe-espresso-shopping.com/438-superlarge_default/mars-50g.jpg', 0, '', 0, 2),
(33, 'Miel', 0.1, 0.1, 0, 'miel.jpg', 1, '', 0, 3),
(34, 'Mikado', 0.7, 0.8, 0, 'mikado.jpg', 1, '', 0, 2),
(35, 'Monster', 1.7, 1.9, 0, 'https://www.monsterenergy.com/media/uploads_image/2020/11/25/auto/800/2957bf76cbc008e9c346d324357aa6aa.png?mod=v1_5d0a5d29899ac898aef6715c4a194adb', 0, '', 0, 1),
(36, 'Monster Mango Loco', 1.7, 1.9, 0, 'https://www.monsterenergy.com/media/uploads_image/2020/05/11/auto/800/7397da6ccdb445b83929f35f99e17d3d.png?mod=v1_7f451f24196b1fbb03fabd566cb6c1ca', 0, '', 0, 1),
(37, 'Monster Pipeline', 1.8, 2, 0, 'monster_pipeline.jpg', 1, '', 0, 1),
(38, 'Monster Punch', 1.65, 1.8, 0, 'monster_punch.jpg', 1, '', 0, 1),
(39, 'Nutella', 0.2, 0.2, 0, 'nutella.jpg', 1, '', 0, 3),
(40, 'Oasis Orange', 0.7, 0.8, 4, 'oasis_orange.jpg', 1, '', 0, 1),
(41, 'Oasis Tropicale Bouteille', 1, 1.2, 0, 'oasis_tropicale_bouteille.jpg', 1, '', 0.85, 1),
(42, 'Oasis Tropicale Canette', 0.6, 0.7, 3, 'oasis_tropicale_canette.jpg', 0, '', 0.52, 1),
(43, 'Orangina Bouteille', 1.1, 1.3, 17, 'https://www.direct-fournitures.fr/12793-thickbox_default/orangina-bouteille-plastique-de-50-cl.jpg', 0, '', 0.48, 1),
(44, 'Pain au chocolat', 0.4, 0.6, 0, 'https://t4.ftcdn.net/jpg/02/24/63/01/360_F_224630191_0YgfYcCfWKsEeUvpdQpqKK0sIWc2RCKH.jpg', 0, '', 0.31, 2),
(45, 'Picth chocolat', 0.35, 0.55, 0, 'picth_chocolat.jpg', 1, '', 0.2, 2),
(46, 'Pizza 5 fromage', 3.2, 0.55, 0, 'pizza_5_fromage.jpg', 1, '', 0, 2),
(47, 'Pizza Jambon Emental', 3.2, 3.5, 0, 'pizza_jambon_emental.jpg', 1, '', 0, 2),
(48, 'Sandwich Jambon Beurre', 1.2, 1.5, 0, 'https://e-leclerc.scene7.com/is/image/gtinternet/3564700329092?op_sharpen=1&resmode=bilin&fmt=pjpeg&qlt=85&wid=450&fit=fit,1&hei=450', 0, '', 0.91, 2),
(49, 'Schweppes agrum', 0.7, 0.8, 0, 'schweppes_argum.jpg', 1, '', 0.52, 1),
(50, 'Skittles', 0.5, 0.8, 0, 'skittles.jpg', 0, '', 0.23, 2),
(51, 'Smarties', 0.5, 0.8, 0, 'smarties.jpg', 1, '', 0, 2),
(52, 'Snickers', 0.35, 0.45, 0, 'snickers.jpg', 1, '', 0, 2),
(53, 'Flammekueches', 1.8, 2, 7, 'https://images.ricardocuisine.com/services/recipes/c-tarteflambee-3638-ric-automne-11617-remise-dana1.jpg', 0, '', 1.44, 2),
(54, 'Thé', 0.2, 0.3, 5, 'https://resize.prod.docfr.doc-media.fr/rcrop/1200,678,center-middle/ext/eac4ff34/content/2022/7/5/the-sante-1aaf5bcff443a00e.jpeg', 0, '', 0, 1),
(55, 'Tuc', 1.2, 1.5, 0, 'tuc.jpg', 1, '', 0, 2),
(56, 'Twix', 0.6, 0.8, 0, 'https://m.media-amazon.com/images/W/IMAGERENDERING_521856-T1/images/I/71IBchCAjdL._AC_SL1500_.jpg', 0, '', 0, 2),
(57, 'Verre Diabolo', 0.35, 0.5, 0, 'verre_diabolo.jpg', 1, '', 0, 1),
(58, 'Verre Fanta', 0.3, 0.5, 0, 'verre_fanta.jpg', 1, '', 0, 1),
(64, 'Savon, gel douche et gant de toilette', 9.99, 10, 0, 'savon.jpg', 1, '', 0, 3),
(65, 'Fruit Shoot Tropical', 0.5, 0.7, 0, 'fruit_shoot_tropical.jpg', 1, '', 0.24, 1),
(66, 'Pastabox Bolo', 2.9, 3.1, 0, 'pastabox_bolo.jpg', 1, '', 2.53, 2),
(67, 'Pastabox Carbo', 2.9, 3.1, 0, 'https://media.auchan.fr/P0200000000108XPRIMARY_1200x1200/B2CD/', 0, '', 2.59, 2),
(68, 'Pizza Bolo', 2.5, 2.7, 0, '', 1, '', 2.43, 2),
(70, 'Pastabox Poulet', 2.9, 3.1, 0, 'https://cdn.shopify.com/s/files/1/0598/1932/7680/products/pastapouletemmentalapero93yuhj4521_600x.jpg?v=1644875532', 0, '', 2.32, 2),
(71, 'Sandwich jambon emmental', 1.3, 1.55, 0, 'sandwich_jambon_emmental.jpg', 0, '', 0, 2),
(72, 'Gateau apéro', 2, 2, 0, 'gateau-apero.jpg', 1, '', 0, 2),
(73, 'Pack 2 Country', 0.85, 1.15, 0, 'https://m.media-amazon.com/images/W/IMAGERENDERING_521856-T1/images/I/51D2sxy5DAL._SR600%2C315_PIWhiteStrip%2CBottomLeft%2C0%2C35_PIStarRatingFIVE%2CBottomLeft%2C360%2C-6_SR600%2C315_SCLZZZZZZZ_FMpng_BG255%2C255%2C255.jpg', 0, '', 0, 2),
(74, 'Fanta Mangue Fruit du dragon', 0.8, 1, 0, 'https://halalcourses.com/3411-medium_default/fanta-mangue-fruit-du-dragon.jpg', 0, '', 0, 1),
(75, 'Ice-Tea Framboise', 0.7, 0.8, 0, 'ice_tea_framboise.jpg', 0, '', 0, 1),
(76, 'RedBull Summer Abricot Fraise', 1.5, 1.8, 0, 'redbull_summer_abricot_fraise.jpg', 0, '', 0, 1),
(77, 'Tropico Tropical', 0.7, 0.8, 0, 'tropico_tropical.jpg', 0, '', 0, 1),
(78, 'Sachet Fraises Tagada', 0.5, 0.7, 0, 'fraise_tagada.jpg', 0, '', 0, 2),
(79, 'Boite skittles', 0.8, 1, 0, 'skittles_boite.jpg', 0, '', 0, 2),
(80, 'Caprisun multi', 0.5, 0.7, 61, 'caprisun_tropical.jpg', 0, '', 0, 1),
(81, 'Fruit Shoot Multivitamine', 0.5, 0.7, 0, 'fruit_shoot_multivitamine.jpg', 1, '', 0, 1),
(82, 'Oasis Ice-Tea', 0.8, 0.9, 0, 'oasis_ice_tea.jpg', 1, '', 0, 1),
(83, 'Sprite Bouteille', 1.1, 1.3, 20, 'https://www.coca-cola-france.fr/content/dam/one/fr/fr/sprite/produits/bouteille-sprite-gout-original-citron-citron-vert-2022.png', 0, '', 0, 1),
(84, 'Barres céréales Chocapic', 0.5, 0.7, 0, 'barre_chocapic.jpg', 1, '', 0, 2),
(85, 'Kinder Cards', 0.35, 0.5, 0, 'kinder_cards.jpg', 1, '', 0, 2),
(86, 'Kinder Delice', 0.45, 0.6, 0, 'kinder_delice.jpg', 1, '', 0, 2),
(87, 'Kinder Maxi', 0.3, 0.4, 0, 'kinder_barre.jpg', 1, '', 0, 2),
(88, 'Mr. Freeze', 0.25, 0.35, 0, 'mr_freeze.jpg', 1, '', 0, 2),
(89, 'Twix Glace', 0.6, 0.8, 0, 'twix_glace.jpg', 1, '', 0, 2),
(90, 'Snickers Glace', 0.6, 0.8, 0, 'snickers_glace.jpg', 1, '', 0, 2),
(91, 'Mars Glace', 0.5, 0.7, 0, 'mars_glace.jpg', 1, '', 0, 2),
(92, 'Mini Pringles', 1, 1.1, 0, 'mini_pringles.jpg', 1, '', 0, 2),
(93, 'Pain au lait péptite', 0.3, 0.5, 0, 'pain_au_lait.jpg', 1, '', 0, 2),
(94, 'Mini-Brownies', 0.25, 0.4, 0, 'mini_brownies.jpg', 1, '', 0, 2),
(95, 'Mini BN', 0.35, 0.5, 0, 'mini_bn.jpg', 1, '', 0, 2),
(96, 'Pastabox fromage', 2.9, 3.1, 0, 'pastabox_fromage.jpg', 1, '', 2.59, 2),
(97, 'Yum Yum Chicken', 1.5, 1.7, 0, 'yumyum_chicken.jpg', 1, '', 0, 2),
(98, 'Yum Yum Beef', 1.5, 1.7, 0, 'yumyum_beef.jpg', 1, '', 0, 2),
(99, 'Pepsi', 0.8, 1, 26, 'https://cdn.shopify.com/s/files/1/0561/9053/3737/products/pepsi-soft-drink-pepsi-cola-original-soft-drink-330ml-disposable-cans-29674966319269.jpg?v=1661437376&width=1024', 0, '', 0, 1),
(100, 'Pastabox Jambon', 2.9, 3.1, 0, 'pastabox_jambon.jpg', 1, '', 0, 2),
(101, 'Monster Monarch', 1.7, 1.9, 0, 'monster_monarch.jpg', 1, '', 0, 1),
(102, 'Etagère', 0.05, 0.1, 0, 'etagere.jpg', 1, '', 0, 3),
(103, 'Gobelet ABII', 1.4, 1.5, 0, 'gobelet_abii.jpg', 1, '', 0, 3),
(104, 'Clé Usb ABII 8Go', 4, 4.5, 0, 'cle_usb_abii.jpg', 1, '', 0, 3),
(105, 'T-shirt ABII prévente', 20, 21, 0, 'tshirtv2.jpg', 1, '', 0, 3),
(107, 'PastaBox Champignon', 2.9, 3.1, 0, 'pastabox_champignon.jpg', 1, '', 2.6, 2),
(108, 'Fanta Bouteille', 1.1, 1.3, 0, 'fanta_bouteille.jpg', 1, '', 0, 1),
(109, 'Green Ice-Tea', 0.8, 1, 0, 'https://www.clicmarket.fr/4503-large_default/24-cannettes-green-ice-tea-menthe-citron-vert-24-x-33-cl.jpg', 1, '', 0, 1),
(110, 'Jus multifruit', 0.5, 0.7, 0, 'https://media.carrefour.fr/medias/0e2084351b603279955eb660ffa8fb5d/p_540x540/3270190128427-0.jpg', 0, '', 0, 1),
(111, 'Pastabox Ricotta Épinards', 2.9, 3.1, 0, 'https://media.carrefour.fr/medias/590f5ba8be47382ea56be688eecb55de/p_540x540/03242272250050-a1n1-s03.jpg', 0, '', 2.53, 2),
(112, 'Pastabox Jambon Cru Parmesan', 2.9, 3.1, 0, 'pastabox_jambon_cru.jpg', 1, '', 0, 2),
(113, 'Crepe WAHOU', 0.45, 0.65, 0, 'https://www.letelegramme.fr/images/2021/09/21/emmanuel-guerreiro-directeur-du-site-faure-de-plouedern_5910409_676x414p.jpg', 0, '', 0.23, 2),
(114, 'Bouteille d\'eau', 0.35, 0.5, 0, 'bouteille-d-eau-cristalline.png', 1, '', 0, 1),
(115, 'RedBull', 2, 2.2, 0, 'redbull.jpg', 1, '', 0, 1),
(116, 'Carambar', 0.1, 0.2, 0, '', 1, '', 0, 2),
(117, 'Sandwich Rosette Cornichon', 1.25, 1.55, 0, '', 1, '', 0, 2),
(118, 'Pizza Royale', 2.9, 3.1, 0, 'pizza_royale.jpg', 1, '', 0, 2),
(119, 'Pizza Margherita', 2.5, 2.7, 0, 'pizza_margarita.jpg', 1, '', 0, 2),
(120, 'Pizza royale', 2.9, 3.1, 0, 'pizza_royale.jpg', 1, '', 0, 2),
(121, 'Sprite canette', 0.8, 1, 19, 'https://c-pi.niceshops.com/upload/image/product/large/default/49889_a1ff27f9.512x512.jpg', 0, '', 0, 1),
(122, '7up Bouteille', 1, 1.2, 0, '', 1, '', 0, 1),
(123, 'Candi\'up Chocolat', 0.5, 0.7, 0, '', 1, '', 0, 1),
(124, 'Nouilles instantanées', 2.7, 2.9, 0, 'nouilles.png', 1, '', 0, 2),
(125, 'Burger', 1.5, 1.7, 0, 'https://lacuisineensemble.fr/wp-content/uploads/2022/02/recette-burger-maison.jpg', 0, '', 0, 2),
(126, 'Oasis PCF', 0.8, 0.9, 25, 'https://www.mycandyfactory.com/media/catalog/product/cache/e27918f3c518c190a6e5238bd93ecfac/o/a/oasis5_3.png', 0, '', 0, 1),
(127, 'Frites', 1.2, 1.5, 0, 'frites.png', 1, '', 0, 2),
(128, 'Oasis PCF Bouteille', 1.1, 1.3, 0, 'https://selfdrinks.com/25378/oasis-boisson-a-l-eau-de-source-pomme-cassis-framboise-1-l.jpg', 0, '', 0, 1),
(129, 'Kit Kat Chunky', 0.5, 0.8, 0, 'https://www.biblioshop.com/resize/34050_P-HR-20211122.jpg/0/1100/True/kitkat-chunky-barre-de-chocolat-40-g-boite-de-24-pieces.jpg', 0, '', 0, 2),
(130, 'DrPepper', 0.8, 1, 53, 'https://www.myamericanmarket.com/31036/dr-pepper-soda.jpg', 0, '', 0, 1),
(131, 'Pomm\'pot', 0.5, 0.7, 22, 'https://www.kwebox.com/pub/media/catalog/product/cache/image/700x700/e9c3970ab036de70892d86c6d221abfe/3/6/36586.jpg', 0, '', 0, 2),
(132, 'POPCORN', 0.8, 1, 20, 'https://www.simplyrecipes.com/thmb/Xzggu-Md45HKhhYSw4DK8tGlZ_I=/1500x0/filters:no_upscale():max_bytes(150000):strip_icc()/Simply-Recipes-Perfect-Popcorn-LEAD-41-4a75a18443ae45aa96053f30a3ed0a6b.JPG', 0, '', 0, 2),
(133, 'Adhesion', 5, 9, 0, '', 1, '0000000', 0, 4),
(134, 'Impression 3D', 0, 0, 0, 'https://i.etsystatic.com/32092535/r/il/627d9e/3637277382/il_fullxfull.3637277382_f8w4.jpg', 1, '0000000000000', 0, 3),
(135, 'Pasta Box Raclette', 3.5, 3.8, 0, 'https://media.auchan.fr/P02000000000F5LPRIMARY_1200x1200/B2CD/', 0, '0000000000000', 0, 2),
(136, 'Pastabox Big Carbonara', 3.5, 3.8, 0, 'https://fr.openfoodfacts.org/images/products/324/093/154/0573/front_fr.2657.full.jpg', 0, '0000000000000', 0, 2),
(137, 'Pastabox Big chevre', 3.5, 3.8, 0, 'https://www.lineaires.com/var/site/storage/images/_aliases/large/6/5/7/0/5040756-1-fre-FR/Lustucru.jpg', 0, '0000000000000', 0, 2),
(138, 'Croque Monsieur', 1, 1.2, 0, 'https://www.cuisineactuelle.fr/imgre/fit/http.3A.2F.2Fprd2-bone-image.2Es3-website-eu-west-1.2Eamazonaws.2Ecom.2Fcac.2F2018.2F09.2F25.2Fc4ae4791-6930-4d2c-8747-3d85ffa673e8.2Ejpeg/750x562/quality/80/crop-from/center/cr/wqkgR2V0dHkgLyBDdWlzaW5lIEFjdHVlbGxl', 0, '0000000000000', 0, 2),
(139, 'Nutella and Go', 1.6, 1.8, 0, 'imagebase.jpg', 0, '0000000000000', 0, 2),
(140, 'Oreo', 0.4, 0.8, 0, 'https://w4.giffitsstatic.com/pics/c504/286544_4.jpg', 0, '0000000000000', 0, 2),
(141, 'Fuze Tea', 1, 1.2, 0, 'https://media.auchan.fr/A0220171215000247083PRIMARY_1200x1200/B2CD/', 0, '0000000000000', 0, 1),
(142, 'Fanta exotique', 0.7, 0.9, 2, 'https://selfdrinks.com/32529-thickbox_default/fanta-exotique-33cl.jpg', 0, '0000000000000', 0, 1);

-- --------------------------------------------------------

--
-- Structure de la table `rechargements`
--

CREATE TABLE `rechargements` (
  `id` int(11) NOT NULL,
  `date` datetime NOT NULL,
  `montant` float NOT NULL,
  `client_id` int(11) DEFAULT NULL,
  `vendeur_id` int(11) DEFAULT NULL
) ENGINE=InnoDB DEFAULT CHARSET=latin1 COLLATE=latin1_swedish_ci;

--
-- Déchargement des données de la table `rechargements`
--

INSERT INTO `rechargements` (`id`, `date`, `montant`, `client_id`, `vendeur_id`) VALUES
(1, '2023-03-20 08:41:53', 2, 166, 23),
(2, '2023-03-20 08:44:32', 3, 163, 23),
(3, '2023-03-20 08:45:49', 1.3, 163, 23),
(4, '2023-03-20 08:46:37', 2, 166, 23),
(5, '2023-03-20 08:56:15', 2, 166, 23),
(6, '2023-03-20 08:57:10', -1, 166, 23),
(7, '2023-03-20 08:57:18', 0.45, 166, 23),
(8, '2023-03-20 08:57:32', 3, 166, 23),
(9, '2023-03-20 08:59:49', 2, 166, 23),
(10, '2023-03-20 09:07:25', -1, 166, 23),
(11, '2023-03-20 09:07:36', 2.45, 166, 23),
(12, '2023-03-20 09:07:46', 1, 166, 23),
(13, '2023-03-20 09:07:52', -1, 166, 23),
(14, '2023-03-20 09:07:58', 2.45, 166, 23),
(15, '2023-03-20 10:45:03', 1, 234, 2),
(16, '2023-03-20 10:45:07', 1, 234, 2),
(17, '2023-03-20 10:45:13', 1, 234, 2),
(18, '2023-03-20 10:47:56', 1, 234, 2),
(19, '2023-03-20 10:48:02', 1, 234, 2),
(20, '2023-03-20 10:48:10', 2, 234, 2),
(21, '2023-03-20 10:50:54', -1000, 234, 2),
(22, '2023-03-20 10:51:01', -16, 234, 2),
(23, '2023-03-20 10:51:05', 1, 234, 2),
(24, '2023-03-20 11:24:42', 1.8, 234, 2),
(25, '2023-03-20 14:03:22', 0.6, 64, 2),
(26, '2023-03-20 14:26:45', 0.9, 66, 27),
(27, '2023-03-20 14:30:28', -1, 66, 27),
(28, '2023-03-20 14:30:37', 0.95, 66, 27),
(29, '2023-03-20 14:30:53', 0.5, 66, 27),
(30, '2023-03-20 15:32:04', 0.8, 8, 27),
(31, '2023-03-20 15:32:59', 0.9, 25, 27),
(32, '2023-03-20 15:34:25', 20, 32, 27),
(33, '2023-03-20 15:36:05', 6, 159, 27),
(34, '2023-03-20 16:08:02', 15, 31, 27),
(35, '2023-03-21 06:56:42', 9, 36, 23),
(36, '2023-03-21 06:56:58', 3, 42, 23),
(37, '2023-03-21 06:57:08', 3, 43, 23),
(38, '2023-03-21 08:27:32', 2, 40, 23),
(39, '2023-03-21 08:43:54', 5, 25, 23),
(40, '2023-03-21 08:53:46', 5.9, 59, 23),
(41, '2023-03-21 14:15:20', 1, 64, 23),
(42, '2023-03-21 14:17:20', 3.6, 41, 23),
(43, '2023-03-21 14:37:15', 5, 61, 23),
(44, '2023-03-22 08:24:19', 0.7, 67, 20),
(45, '2023-03-22 08:45:03', -0.85, 177, 20),
(46, '2023-03-22 08:46:53', -0.6, 169, 20),
(47, '2023-03-22 08:50:07', 2.7, 40, 20),
(48, '2023-03-22 08:51:50', 3, 159, 20),
(49, '2023-03-22 09:18:20', 0.5, 151, 23),
(50, '2023-03-22 09:18:36', 0.2, 151, 23),
(51, '2023-03-22 10:03:11', 1.2, 147, 23),
(52, '2023-03-22 10:03:54', 2, 147, 23),
(53, '2023-03-22 10:04:04', -2, 147, 23),
(54, '2023-03-22 11:56:56', 10, 162, 8),
(55, '2023-03-22 12:57:37', 0.3, 66, 8),
(56, '2023-03-22 16:12:24', -0.6, 61, 23),
(57, '2023-03-22 16:12:44', 0.6, 61, 23),
(58, '2023-03-22 16:13:08', 0.6, 61, 23),
(59, '2023-03-23 09:21:33', 3.1, 41, 23),
(60, '2023-03-23 11:03:59', 1, 36, 2),
(61, '2023-03-23 11:29:51', 1.1, 41, 20),
(62, '2023-03-23 11:52:17', 8, 180, 20),
(63, '2023-03-23 12:35:46', 0.35, 32, 23),
(64, '2023-03-24 07:36:16', 5, 154, 23),
(65, '2023-03-24 08:18:12', 5, 32, 19),
(66, '2023-03-24 08:33:38', 1.65, 169, 23),
(67, '2023-03-24 08:50:31', 3, 59, 23),
(68, '2023-03-24 11:17:43', 5.1, 59, 23),
(69, '2023-03-24 11:45:42', 5, 154, 2),
(70, '2023-03-24 13:28:03', 1.5, 180, 20),
(71, '2023-03-24 13:58:18', 15, 160, 23),
(72, '2023-03-24 14:30:03', 5, 64, 23),
(73, '2023-03-24 16:58:27', 2.05, 41, 19),
(74, '2023-03-27 08:29:58', 7, 36, 19),
(75, '2023-03-27 08:30:57', 2, 66, 19),
(76, '2023-03-27 08:31:33', 18, 47, 19),
(77, '2023-03-27 08:33:06', 20, 32, 19),
(78, '2023-03-27 08:38:18', 10, 43, 19),
(79, '2023-03-27 09:09:12', 5, 24, 23),
(80, '2023-03-27 09:36:51', 3.95, 154, 23),
(81, '2023-03-27 09:42:15', 2, 43, 23),
(82, '2023-03-27 12:39:17', 5, 35, 23),
(83, '2023-03-27 12:58:50', 1, 33, 23),
(84, '2023-03-27 13:24:45', 2, 41, 2),
(85, '2023-03-27 14:14:20', 6, 59, 8),
(86, '2023-03-27 16:53:27', 2.5, 154, 19),
(87, '2023-03-27 16:53:38', 1, 154, 19),
(88, '2023-03-27 16:53:42', -1, 154, 19),
(89, '2023-03-27 16:54:02', 0.00000000000000111022, 154, 19),
(90, '2023-03-27 16:54:16', -0.00000000000000111022, 154, 19),
(91, '2023-03-27 16:54:29', -0.00000000000000111022, 154, 19),
(92, '2023-03-28 05:55:39', 10, 36, 2),
(93, '2023-03-28 06:14:20', 10, 54, 23),
(94, '2023-03-28 06:42:16', 3.3, 47, 23),
(95, '2023-03-28 07:20:08', 0.5, 43, 23),
(96, '2023-03-28 07:48:47', 3.6, 40, 23),
(97, '2023-03-28 08:55:52', 0.4, 33, 2),
(98, '2023-03-28 08:56:40', 5, 63, 2),
(99, '2023-03-28 09:40:12', 4.05, 8, 23),
(100, '2023-03-28 11:39:11', -0.3, 61, 23),
(101, '2023-03-28 13:36:29', 3.4, 154, 23),
(102, '2023-03-28 13:39:23', 3.4, 154, 23),
(103, '2023-03-28 14:03:51', -1, 34, 23),
(104, '2023-03-28 15:26:49', 1.11022e-16, 57, 2),
(105, '2023-03-29 05:58:24', -0.4, 31, 2),
(106, '2023-03-29 05:59:28', 20, 32, 2),
(107, '2023-03-29 07:54:14', 3, 180, 23),
(108, '2023-03-29 09:00:21', 3.4, 154, 8),
(109, '2023-03-29 09:29:33', -5, 34, 8),
(110, '2023-03-29 09:35:42', -1, 22, 8),
(111, '2023-03-29 09:37:59', 2.9, 8, 8),
(112, '2023-03-29 09:45:50', 10, 59, 23),
(113, '2023-03-29 09:48:10', 7.75, 47, 23),
(114, '2023-03-29 09:50:12', 8e-16, 32, 23),
(115, '2023-03-29 09:56:58', 2.55, 8, 23),
(116, '2023-03-29 10:08:27', 10, 5, 23),
(117, '2023-03-29 10:51:30', 2.9, 154, 23),
(118, '2023-03-29 13:59:42', 1, 36, 23),
(119, '2023-03-29 14:05:14', 2, 33, 23),
(120, '2023-03-29 14:10:02', 1.05, 218, 23),
(121, '2023-03-29 14:11:08', 5, 218, 23),
(122, '2023-03-29 16:32:39', 1.5, 154, 23),
(123, '2023-03-29 17:21:53', 2.58, 40, 23),
(124, '2023-03-30 06:51:12', 5, 154, 29),
(125, '2023-03-30 10:02:58', 10, 169, 23),
(126, '2023-03-30 12:37:26', 10, 27, 8),
(127, '2023-03-30 13:53:30', 3.1, 14, 20),
(128, '2023-03-30 16:09:55', 3, 154, 8),
(129, '2023-03-31 06:02:59', 13.01, 31, 23),
(130, '2023-03-31 06:15:58', 6.35, 36, 23),
(131, '2023-03-31 07:55:43', 3.4, 154, 23),
(132, '2023-03-31 08:49:01', 2.8, 4, 23),
(133, '2023-03-31 08:52:08', 2.8, 61, 23),
(134, '2023-03-31 08:54:31', 13.8, 32, 23),
(135, '2023-03-31 08:56:34', 4.85, 47, 23),
(136, '2023-03-31 08:57:25', 5.25, 54, 23),
(137, '2023-03-31 09:52:07', 40, 168, 23),
(138, '2023-03-31 09:53:09', 5, 168, 23),
(139, '2023-03-31 10:14:39', 9, 131, 23),
(140, '2023-03-31 10:56:18', 1.2, 60, 9),
(141, '2023-03-31 12:26:16', 3.1, 136, 29),
(142, '2023-03-31 12:57:13', 1, 31, 23),
(143, '2023-03-31 12:57:22', 0.1, 31, 23),
(144, '2023-03-31 13:06:08', 5, 31, 23),
(145, '2023-04-03 05:58:13', 1, 159, 29),
(146, '2023-04-03 09:37:49', 7.2, 59, 23),
(147, '2023-04-03 10:20:46', 3.4, 154, 23),
(148, '2023-04-03 10:21:58', 15, 160, 23),
(149, '2023-04-03 10:57:00', 10, 180, 23),
(150, '2023-04-03 11:38:45', 0.05, 63, 23),
(151, '2023-04-03 13:44:05', 10, 175, 23),
(152, '2023-04-03 14:04:28', 0.6, 159, 23),
(153, '2023-04-04 05:58:23', 1, 159, 20),
(154, '2023-04-04 14:33:15', 1, 159, 29),
(155, '2023-04-05 07:46:46', 5.1, 154, 20),
(156, '2023-04-05 08:05:25', 3.06, 174, 20),
(157, '2023-04-05 08:31:00', 10, 175, 20),
(158, '2023-04-05 10:43:10', 10.2, 32, 23),
(159, '2023-04-05 15:42:34', 1, 160, 20),
(160, '2023-04-06 06:53:25', 25, 159, 20),
(161, '2023-04-06 06:53:50', 0.4, 159, 20),
(162, '2023-04-06 07:22:52', 1.7, 154, 23),
(163, '2023-04-06 07:33:54', 10, 162, 23),
(164, '2023-04-06 12:34:38', 1, 159, 20),
(165, '2023-04-07 13:17:01', 2, 163, 24),
(166, '2023-04-07 14:28:27', 2, 43, 23),
(167, '2023-04-07 14:48:56', 1, 160, 23),
(168, '2023-04-13 06:58:18', 2.1, 67, 23),
(169, '2023-04-13 06:59:09', 2, 175, 23),
(170, '2023-04-18 14:16:43', 2.25, 67, 23),
(171, '2023-04-21 13:46:41', 0.9, 228, 23),
(172, '2023-04-24 07:56:03', 2.5, 154, 29),
(173, '2023-04-25 08:01:35', 3.4, 154, 23),
(174, '2023-04-25 10:26:32', 20, 180, 29),
(175, '2023-04-25 11:31:00', 10, 175, 23),
(176, '2023-04-25 12:13:55', 1, 67, 23),
(177, '2023-04-25 13:33:37', 2, 154, 29),
(178, '2023-04-26 11:25:44', 2.1, 179, 23),
(179, '2023-04-27 06:04:30', 4, 180, 20),
(180, '2023-04-27 07:51:50', 3.1, 154, 23),
(181, '2023-04-27 13:23:25', 0.5, 67, 20),
(182, '2023-04-27 14:35:08', 2, 163, 29),
(183, '2023-04-28 15:56:34', 3.4, 154, 23),
(184, '2023-05-02 10:23:40', 30, 160, 23),
(185, '2023-05-03 10:31:35', 7, 47, 23),
(186, '2023-05-03 10:35:31', 20, 5, 23),
(187, '2023-05-05 08:33:28', 10, 175, 20),
(188, '2023-05-05 11:51:01', 0.1, 163, 29),
(189, '2023-05-05 13:47:16', 2, 154, 23),
(190, '2023-05-09 07:05:07', 10, 154, 23),
(191, '2023-05-09 07:56:15', 10, 162, 23),
(192, '2023-05-09 16:10:36', 2, 218, 29),
(193, '2023-05-10 10:06:07', 0.9, 161, 20),
(194, '2023-05-10 10:07:35', 1, 186, 20),
(195, '2023-05-10 10:47:32', 2.3, 24, 20),
(196, '2023-05-11 08:02:45', 2.9, 154, 20),
(197, '2023-05-11 10:45:57', 50, 166, 23),
(198, '2023-05-11 16:39:39', 2.5, 154, 23),
(199, '2023-05-12 09:36:53', 10, 154, 23),
(200, '2023-05-12 11:31:57', 5, 175, 23),
(201, '2023-05-12 12:33:55', 2, 163, 29),
(202, '2023-05-12 12:40:39', 3, 166, 23),
(203, '2023-05-16 07:04:43', 0.9, 169, 23),
(204, '2023-05-17 08:48:34', 20, 154, 29),
(205, '2023-05-19 13:42:02', 10, 166, 20),
(206, '2023-05-19 13:43:51', -10, 166, 20),
(207, '2023-05-23 12:06:25', 2, 176, 20),
(208, '2023-05-23 12:21:56', 0.14, 154, 20),
(209, '2023-05-23 12:30:07', 1, 163, 20),
(210, '2023-05-24 07:29:06', 20, 154, 23),
(211, '2023-05-24 10:55:51', 1.7, 36, 29),
(212, '2023-05-24 11:00:06', 1.8, 36, 29),
(213, '2023-05-24 14:06:02', 15, 175, 23),
(214, '2023-05-24 14:17:09', -0.3, 154, 23),
(215, '2023-05-24 14:26:28', 1.5, 176, 23),
(216, '2023-05-25 13:34:19', 50, 180, 20),
(217, '2023-05-26 10:28:24', 1.1, 24, 29),
(218, '2023-05-26 13:08:08', 2.2, 155, 29),
(219, '2023-05-30 11:31:03', 8, 175, 20),
(220, '2023-05-31 08:45:04', 2, 163, 20),
(221, '2023-06-01 11:01:53', 9.48, 5, 23),
(222, '2023-06-01 11:02:05', 5.3, 27, 23),
(223, '2023-06-01 11:02:48', 13, 180, 23),
(224, '2023-06-02 11:09:52', 1, 154, 23),
(225, '2023-06-05 10:34:12', 1.7, 24, 23),
(226, '2023-06-05 12:02:32', 0.5, 163, 23),
(227, '2023-06-06 07:02:29', 1, 175, 29),
(228, '2023-06-06 07:03:03', 0.8, 160, 29),
(229, '2023-06-06 10:44:11', 3.7, 154, 23),
(230, '2023-06-06 11:32:16', 2.4, 175, 23),
(231, '2023-06-07 10:19:38', 1.1, 24, 23),
(232, '2023-06-08 07:01:29', 10, 175, 20),
(233, '2023-06-08 09:15:41', 2.91, 154, 29),
(234, '2023-06-08 12:55:35', 2.5, 176, 23),
(235, '2023-06-12 13:42:34', 1.1, 166, 23),
(236, '2023-06-13 11:31:47', 2.9, 154, 23),
(237, '2023-06-13 12:11:53', 35, 160, 23),
(238, '2023-06-13 14:41:37', 1.1, 154, 2),
(239, '2023-06-13 16:07:06', 19, 54, 23),
(240, '2023-06-14 08:48:53', 1, 154, 23),
(241, '2023-06-14 08:49:30', 0.1, 154, 23),
(242, '2023-06-14 08:51:59', 0.4, 40, 23),
(243, '2023-06-14 08:53:09', 12, 169, 23),
(244, '2023-06-15 09:29:48', 2.2, 154, 23),
(245, '2023-06-15 11:26:15', 0.1, 169, 23),
(246, '2023-06-15 14:33:34', 1.1, 154, 23),
(247, '2023-06-16 09:31:10', 1.1, 154, 23);

-- --------------------------------------------------------

--
-- Structure de la table `roles`
--

CREATE TABLE `roles` (
  `id` int(11) NOT NULL,
  `libelle` varchar(255) NOT NULL
) ENGINE=InnoDB DEFAULT CHARSET=latin1 COLLATE=latin1_swedish_ci;

--
-- Déchargement des données de la table `roles`
--

INSERT INTO `roles` (`id`, `libelle`) VALUES
(1, 'Utilisateur'),
(2, 'Vendeur'),
(3, 'Administrateur');

-- --------------------------------------------------------

--
-- Structure de la table `type_produits`
--

CREATE TABLE `type_produits` (
  `id` int(11) NOT NULL,
  `libelle` varchar(255) NOT NULL
) ENGINE=InnoDB DEFAULT CHARSET=latin1 COLLATE=latin1_swedish_ci;

--
-- Déchargement des données de la table `type_produits`
--

INSERT INTO `type_produits` (`id`, `libelle`) VALUES
(1, 'Boissons'),
(2, 'Nourriture'),
(3, 'Extras'),
(4, 'Adhésion');

-- --------------------------------------------------------

--
-- Structure de la table `users`
--

CREATE TABLE `users` (
  `id` int(11) NOT NULL,
  `login` varchar(255) NOT NULL,
  `password` varchar(255) NOT NULL,
  `wrongPasswordAttempts` int(11) NOT NULL,
  `totalWrongPasswordAttempts` int(11) NOT NULL,
  `role_id` int(11) DEFAULT NULL
) ENGINE=InnoDB DEFAULT CHARSET=latin1 COLLATE=latin1_swedish_ci;

--
-- Déchargement des données de la table `users`
--

INSERT INTO `users` (`id`, `login`, `password`, `wrongPasswordAttempts`, `totalWrongPasswordAttempts`, `role_id`) VALUES
(2, 'tbecher', '$2b$10$PCVd/fS9b47J.60X9QuBgOEYXt7I4DxRbCXsOr.21lttzv/9FbOG2', 0, 10, 3),
(5, 'ahelbaj', '$2b$10$zV9EjjaLe8GOJ3fY1cGbtuzWkgR9u8crk/5S3eXTK3uw1qPmVTeJG', 0, 0, 2),
(6, 'jarod', '$2b$10$Jd9lOwUMCFZLtU1oX5xwke5bHN6uw04HAE/tNwfbi8gWbA.IffNNi', 0, 2, 2),
(7, 'ebellic2', '$2b$10$WOD2dxXrpYEkWrw.79usjOfj/.6NE14Q//mKwZECya0SJ3vlY4m6a', 0, 0, 2),
(8, 'Samson', '$2b$10$gVECgizrTnx84WMokF0E9OU05t4H2gUPN0YiSG6N9ox.EBtPu/T.W', 0, 0, 2),
(9, 'nikola', '$2b$10$tegkmxaFFG2tMQgQM59Tg.bmiQJuPgkeJP5EkTpiHxudxZVL4anQy', 0, 5, 2),
(19, 'nono', '$2b$10$y6URdP06mjpDvFu8oGKTUOiI/n2lVJjsGZwEKiOojo0eIUzQ6spLy', 0, 1, 2),
(20, 'calixte', '$2b$10$GGXprCZBaAXtT3zGJ1z8ruxDNLaqERhmABhpkwZiQsW/3vNCmRLvW', 0, 9, 2),
(23, 'abii', '$2b$10$548R74Aqz4a3aN0AsvWnjeGEPZLbmEo/DBM9qu8JraW72D.8dlt46', 0, 69, 2),
(24, 'ttherezi', '$2b$10$7jn6VktDqMR0e8rxWYK.FunaxnoUdUw.YyXJMvwYKPQJjgVuIlBey', 0, 0, 2),
(26, 'mael', '$2b$10$wRE2VrMe7oFB5ByAJlos6u0i0BHbncaafVQQFmT4k3mWxC3oJx0U6', 0, 1, 2),
(27, 'lschott', '$2b$10$SU1oY3XsWLRD1aP.8SxGIOhPYBqzk9bKrI/Wmjz0B5Hm5GmB8LcNO', 0, 1, 2),
(28, 'gblondie', '$2b$10$txTnjYg9oHAxQ1dw/8oIrOkziPdHOLGCxkVXU4QD00STO7cTEid6q', 2, 2, 2),
(29, 'Ambrouille', '$2b$10$.feMon8gkWx6FDoXI9vK4OcxpoIIeWB5bjUA0kjYYcJmDlrJ9uELS', 0, 9, 2);

-- --------------------------------------------------------

--
-- Structure de la table `user_client`
--

CREATE TABLE `user_client` (
  `createdAt` datetime NOT NULL,
  `updatedAt` datetime NOT NULL,
  `user_id` int(11) NOT NULL,
  `client_id` int(11) NOT NULL
) ENGINE=InnoDB DEFAULT CHARSET=latin1 COLLATE=latin1_swedish_ci;

--
-- Index pour les tables déchargées
--

--
-- Index pour la table `achats`
--
ALTER TABLE `achats`
  ADD PRIMARY KEY (`id`),
  ADD KEY `client_id` (`client_id`),
  ADD KEY `vendeur_id` (`vendeur_id`),
  ADD KEY `produit_id` (`produit_id`);

--
-- Index pour la table `clients`
--
ALTER TABLE `clients`
  ADD PRIMARY KEY (`id`);

--
-- Index pour la table `produits`
--
ALTER TABLE `produits`
  ADD PRIMARY KEY (`id`),
  ADD KEY `type_produit_id` (`type_produit_id`);

--
-- Index pour la table `rechargements`
--
ALTER TABLE `rechargements`
  ADD PRIMARY KEY (`id`),
  ADD KEY `client_id` (`client_id`),
  ADD KEY `vendeur_id` (`vendeur_id`);

--
-- Index pour la table `roles`
--
ALTER TABLE `roles`
  ADD PRIMARY KEY (`id`);

--
-- Index pour la table `type_produits`
--
ALTER TABLE `type_produits`
  ADD PRIMARY KEY (`id`);

--
-- Index pour la table `users`
--
ALTER TABLE `users`
  ADD PRIMARY KEY (`id`),
  ADD UNIQUE KEY `login` (`login`),
  ADD UNIQUE KEY `login_2` (`login`),
  ADD UNIQUE KEY `login_3` (`login`),
  ADD UNIQUE KEY `login_4` (`login`),
  ADD UNIQUE KEY `login_5` (`login`),
  ADD UNIQUE KEY `login_6` (`login`),
  ADD UNIQUE KEY `login_7` (`login`),
  ADD UNIQUE KEY `login_8` (`login`),
  ADD UNIQUE KEY `login_9` (`login`),
  ADD UNIQUE KEY `login_10` (`login`),
  ADD UNIQUE KEY `login_11` (`login`),
  ADD UNIQUE KEY `login_12` (`login`),
  ADD UNIQUE KEY `login_13` (`login`),
  ADD UNIQUE KEY `login_14` (`login`),
  ADD UNIQUE KEY `login_15` (`login`),
  ADD UNIQUE KEY `login_16` (`login`),
  ADD UNIQUE KEY `login_17` (`login`),
  ADD UNIQUE KEY `login_18` (`login`),
  ADD UNIQUE KEY `login_19` (`login`),
  ADD UNIQUE KEY `login_20` (`login`),
  ADD UNIQUE KEY `login_21` (`login`),
  ADD UNIQUE KEY `login_22` (`login`),
  ADD UNIQUE KEY `login_23` (`login`),
  ADD UNIQUE KEY `login_24` (`login`),
  ADD UNIQUE KEY `login_25` (`login`),
  ADD UNIQUE KEY `login_26` (`login`),
  ADD UNIQUE KEY `login_27` (`login`),
  ADD UNIQUE KEY `login_28` (`login`),
  ADD UNIQUE KEY `login_29` (`login`),
  ADD UNIQUE KEY `login_30` (`login`),
  ADD UNIQUE KEY `login_31` (`login`),
  ADD UNIQUE KEY `login_32` (`login`),
  ADD UNIQUE KEY `login_33` (`login`),
  ADD UNIQUE KEY `login_34` (`login`),
  ADD UNIQUE KEY `login_35` (`login`),
  ADD UNIQUE KEY `login_36` (`login`),
  ADD UNIQUE KEY `login_37` (`login`),
  ADD UNIQUE KEY `login_38` (`login`),
  ADD UNIQUE KEY `login_39` (`login`),
  ADD UNIQUE KEY `login_40` (`login`),
  ADD UNIQUE KEY `login_41` (`login`),
  ADD UNIQUE KEY `login_42` (`login`),
  ADD UNIQUE KEY `login_43` (`login`),
  ADD UNIQUE KEY `login_44` (`login`),
  ADD UNIQUE KEY `login_45` (`login`),
  ADD UNIQUE KEY `login_46` (`login`),
  ADD UNIQUE KEY `login_47` (`login`),
  ADD UNIQUE KEY `login_48` (`login`),
  ADD UNIQUE KEY `login_49` (`login`),
  ADD UNIQUE KEY `login_50` (`login`),
  ADD UNIQUE KEY `login_51` (`login`),
  ADD UNIQUE KEY `login_52` (`login`),
  ADD UNIQUE KEY `login_53` (`login`),
  ADD UNIQUE KEY `login_54` (`login`),
  ADD UNIQUE KEY `login_55` (`login`),
  ADD UNIQUE KEY `login_56` (`login`),
  ADD UNIQUE KEY `login_57` (`login`),
  ADD UNIQUE KEY `login_58` (`login`),
  ADD UNIQUE KEY `login_59` (`login`),
  ADD UNIQUE KEY `login_60` (`login`),
  ADD UNIQUE KEY `login_61` (`login`),
  ADD UNIQUE KEY `login_62` (`login`),
  ADD KEY `role_id` (`role_id`);

--
-- Index pour la table `user_client`
--
ALTER TABLE `user_client`
  ADD PRIMARY KEY (`user_id`,`client_id`),
  ADD KEY `client_id` (`client_id`);

--
-- AUTO_INCREMENT pour les tables déchargées
--

--
-- AUTO_INCREMENT pour la table `achats`
--
ALTER TABLE `achats`
  MODIFY `id` int(11) NOT NULL AUTO_INCREMENT, AUTO_INCREMENT=1345;

--
-- AUTO_INCREMENT pour la table `clients`
--
ALTER TABLE `clients`
  MODIFY `id` int(11) NOT NULL AUTO_INCREMENT, AUTO_INCREMENT=235;

--
-- AUTO_INCREMENT pour la table `produits`
--
ALTER TABLE `produits`
  MODIFY `id` int(11) NOT NULL AUTO_INCREMENT, AUTO_INCREMENT=143;

--
-- AUTO_INCREMENT pour la table `rechargements`
--
ALTER TABLE `rechargements`
  MODIFY `id` int(11) NOT NULL AUTO_INCREMENT, AUTO_INCREMENT=248;

--
-- AUTO_INCREMENT pour la table `roles`
--
ALTER TABLE `roles`
  MODIFY `id` int(11) NOT NULL AUTO_INCREMENT, AUTO_INCREMENT=4;

--
-- AUTO_INCREMENT pour la table `type_produits`
--
ALTER TABLE `type_produits`
  MODIFY `id` int(11) NOT NULL AUTO_INCREMENT, AUTO_INCREMENT=5;

--
-- AUTO_INCREMENT pour la table `users`
--
ALTER TABLE `users`
  MODIFY `id` int(11) NOT NULL AUTO_INCREMENT, AUTO_INCREMENT=30;

--
-- Contraintes pour les tables déchargées
--

--
-- Contraintes pour la table `achats`
--
ALTER TABLE `achats`
  ADD CONSTRAINT `achats_ibfk_184` FOREIGN KEY (`client_id`) REFERENCES `clients` (`id`) ON DELETE SET NULL ON UPDATE CASCADE,
  ADD CONSTRAINT `achats_ibfk_185` FOREIGN KEY (`vendeur_id`) REFERENCES `users` (`id`) ON DELETE SET NULL ON UPDATE CASCADE,
  ADD CONSTRAINT `achats_ibfk_186` FOREIGN KEY (`produit_id`) REFERENCES `produits` (`id`) ON DELETE SET NULL ON UPDATE CASCADE;

--
-- Contraintes pour la table `produits`
--
ALTER TABLE `produits`
  ADD CONSTRAINT `produits_ibfk_1` FOREIGN KEY (`type_produit_id`) REFERENCES `type_produits` (`id`) ON DELETE SET NULL ON UPDATE CASCADE;

--
-- Contraintes pour la table `rechargements`
--
ALTER TABLE `rechargements`
  ADD CONSTRAINT `rechargements_ibfk_123` FOREIGN KEY (`client_id`) REFERENCES `clients` (`id`) ON DELETE SET NULL ON UPDATE CASCADE,
  ADD CONSTRAINT `rechargements_ibfk_124` FOREIGN KEY (`vendeur_id`) REFERENCES `users` (`id`) ON DELETE SET NULL ON UPDATE CASCADE;

--
-- Contraintes pour la table `users`
--
ALTER TABLE `users`
  ADD CONSTRAINT `users_ibfk_1` FOREIGN KEY (`role_id`) REFERENCES `roles` (`id`) ON DELETE SET NULL ON UPDATE CASCADE;

--
-- Contraintes pour la table `user_client`
--
ALTER TABLE `user_client`
  ADD CONSTRAINT `user_client_ibfk_1` FOREIGN KEY (`user_id`) REFERENCES `users` (`id`) ON DELETE CASCADE ON UPDATE CASCADE,
  ADD CONSTRAINT `user_client_ibfk_2` FOREIGN KEY (`client_id`) REFERENCES `clients` (`id`) ON DELETE CASCADE ON UPDATE CASCADE;
COMMIT;

/*!40101 SET CHARACTER_SET_CLIENT=@OLD_CHARACTER_SET_CLIENT */;
/*!40101 SET CHARACTER_SET_RESULTS=@OLD_CHARACTER_SET_RESULTS */;
/*!40101 SET COLLATION_CONNECTION=@OLD_COLLATION_CONNECTION */;
